Datum;Wochentag;O MITTE;O MITTE;O SUED;O SUED;R MITTE 2;R MITTE 2;R NORD;R NORD;SWAN C;SWAN D;R MITTE 1;R SUED;N MITTE;Q SUED;SAHLI 1 OG;SAHLI 1 OG;SAHLI 2 OG;SAHLI 2 OG;ONKP;ONKP;ROST;IMC BHH E;IB BLAU;IB GRUEN;IB GELB;H SUED 1;H SUED 2;H Nord 1+2 inkl IMC;H Nord 1+2 inkl Vis.NF;H Nord 1+2 inkl H VNBS;Q NORD;P IMC;N SUED;LORY EG WEST;L STROKE;HEPC;GASC;VCHC;VMCP;GAST;HINF;AIMA;71 OST 1;62 STATION A;Reha 1 Belp;Reha 2 Belp;64 Geri 1;64 Geri 2;EG Ost;71 Mitte 1;71 IPS;G IMC;G NORD;G MITTE ;G SUED;N NORD;O NORD;K MITTE;LO G 2;ASH 1 OG;ASH 2 OG;Plastische Handchirurgie;Orthopädie;Pneumologie  Thoraxchirurgie;Dermatologie;Neurochirurgie;Neurologie;Urologie;Kardiologie;Kinderklinik;Chronische Dialyse;Frauenklinik;Viszeralchirurgie H Nord;Tiefenau: Chirurgie (West Parterre);Tiefenau: Innere Medizin (West 1, Mitte 2, West2);Aarberg;Münsingen;Belp Gerireha 1;Riggisberg;IB Tiefenau;Münsingen A;Münsingen B;Tiefenau Mitte P;Tiefenau Ost 1;Tiefenau Ost 2;Tiefenau Mitte 1;Belp Geri 1;Belp Geri 2;Onkologie;Lory West;Münsingen A
01.01.2018;Montag;;E;;E;;E;;E;;;;;;;W;E;W;E;;A;A;W;;;;;;;;;;;;;;;;;;;;;;;;;;;;;;;;;;;;;;;;;;;;;;;;;;;;;;;;;;;;;;;;;;;E;;
02.01.2018;Dienstag;W;E;W;E;W;E;W;E;;;;;;;;E;;E;;A;A;;W;W;W;;;;;;;;;;;;;;;;;;;;;;;;;;;;;;;;;;;;;;;;;;;;;;;;;;;;;;;;;;;;;;;;E;;
03.01.2018;Mittwoch;;E;;E;;E;;E;;;;;;;;E;;E;;A;A;;;;;;;;;;;;;;;;;;;;;;;;;;;;;;;;;;;;;;;;;;;;;;;;;;;;;;;;;;;;;;;;;;;;E;;
04.01.2018;Donnerstag;;E;;E;;E;;E;;;;;;;;E;;E;;A;A;;;;;;;;;;;;;;;;;;;;;;;;;;;;;;;;;;;;;;;;;;;;;;;;;;;;;;;;;;;;;;;;;;;;E;;
05.01.2018;Freitag;;E;;E;;E;;E;;;;;;;;E;;E;;A;A;;;;;;;;;;;;;;;;;;;;;;;;;;;;;;;;;;;;;;;;;;;;;;;;;;;;;;;;;;;;;;;;;;;;E;;
06.01.2018;Samstag;;E;;E;;E;;E;;;;;;;;E;;E;;A;A;;;;;;;;;;;;;;;;;;;;;;;;;;;;;;;;;;;;;;;;;;;;;;;;;;;;;;;;;;;;;;;;;;;;E;;
07.01.2018;Sonntag;;E;;E;;E;;E;;;;;;;;E;;E;;A;A;;;;;;;;;;;;;;;;;;;;;;;;;;;;;;;;;;;;;;;;;;;;;;;;;;;;;;;;;;;;;;;;;;;;E;;
08.01.2018;Montag;;E;;E;;E;;E;;;;;;;W;E;W;E;;A;A;W;;;;;;;;;;;;;;;;;;;;;;;;;;;;;;;;;;;;;;;;;;;;;;;;;;;;;;;;;;;;;;;;;;;E;;
09.01.2018;Dienstag;W;E;W;E;W;E;W;E;U;;U;U;;;;E;;E;;A;A;;W;W;W;;;;;;;;;;;;;;;;;;;;;;;;;;;;;;;;;;;;;;;;;;;;;;;;;;;;;;;;;;;;;;;;E;;
10.01.2018;Mittwoch;;E;;E;;E;;E;;;;;U;;;E;;E;;A;A;;;;;;;;;;;;;;;;;;;;;;;;;;;;;;;;;;;;;;;;;;;;;;;;;;;;;;;;;;;;;;;;;;;;E;;
11.01.2018;Donnerstag;;E;;E;;E;;E;;;;;;;;E;;E;;A;A;;;;;;;;;;;;;;;;;;;;;;;;;;;;;;;;;;;;;;;;;;;;;;;;;;;;;;;;;;;;;;;;;;;;E;;
12.01.2018;Freitag;;E;;E;;E;;E;;;;;;;;E;;E;;A;A;;;;;;;;;;;;;;;;;;;;;;;;;;;;;;;;;;;;;;;;;;;;;;;;;;;;;;;;;;;;;;;;;;;;E;;
13.01.2018;Samstag;;E;;E;;E;;E;;;;;;;;E;;E;;A;A;;;;;;;;;;;;;;;;;;;;;;;;;;;;;;;;;;;;;;;;;;;;;;;;;;;;;;;;;;;;;;;;;;;;E;;
14.01.2018;Sonntag;;E;;E;;E;;E;;;;;;;;E;;E;;A;A;;;;;;;;;;;;;;;;;;;;;;;;;;;;;;;;;;;;;;;;;;;;;;;;;;;;;;;;;;;;;;;;;;;;E;;
15.01.2018;Montag;;E;;E;;E;;E;;;;;;;W;E;W;E;;A;A;W;;;;;;;;;;;;;;;;;;;;;;;;;;;;;;;;;;;;;;;;;;;;;;;;;;;;;;;;;;;;;;;;;;;E;;
16.01.2018;Dienstag;W;E;W;E;W;E;W;E;;;;;;;;E;;E;;A;A;;W;W;W;;;;;;;;;;;;;;;;;;;;;;;;;;;;;;;;;;;;;;;;;;;;;;;;;;;;;;;;;;;;;;;;E;;
17.01.2018;Mittwoch;;E;;E;;E;;E;;;;;;;;E;;E;;A;A;;;;;;;;;;;;;;;;;;;;;;;;;;;;;;;;;;;;;;;;;;;;;;;;;;;;;;;;;;;;;;;;;;;;E;;
18.01.2018;Donnerstag;;E;;E;;E;;E;;;;;;;;E;;E;;A;A;;;;;;;;;;;;;;;;;;;;;;;;;;;;;;;;;;;;;;;;;;;;;;;;;;;;;;;;;;;;;;;;;;;;E;;
19.01.2018;Freitag;;E;;E;;E;;E;;;;;;;;E;;E;;A;A;;;;;;;;;;;;;;;;;;;;;;;;;;;;;;;;;;;;;;;;;;;;;;;;;;;;;;;;;;;;;;;;;;;;E;;
20.01.2018;Samstag;;E;;E;;E;;E;;;;;;;;E;;E;;A;A;;;;;;;;;;;;;;;;;;;;;;;;;;;;;;;;;;;;;;;;;;;;;;;;;;;;;;;;;;;;;;;;;;;;E;;
21.01.2018;Sonntag;;E;;E;;E;;E;;;;;;;;E;;E;;A;A;;;;;;;;;;;;;;;;;;;;;;;;;;;;;;;;;;;;;;;;;;;;;;;;;;;;;;;;;;;;;;;;;;;;E;;
22.01.2018;Montag;;E;;E;;E;;E;;;;;;;W;E;W;E;;A;A;W;;;;;;;;;;;;;;;;;;;;;;;;;;;;;;;;;;;;;;;;;;;;;;;;;;;;;;;;;;;;;;;;;;;E;;
23.01.2018;Dienstag;W;E;W;E;W;E;W;E;;;;;;;;E;;E;;A;A;;W;W;W;;;;;;;;;;;;;;;;;;;;;;;;;;;;;;;;;;;;;;;;;;;;;;;;;;;;;;;;;;;;;;;;E;;
24.01.2018;Mittwoch;;E;;E;;E;;E;;;;;;;;E;;E;;A;A;;;;;;;;;;;;;;;;;;;;;;;;;;;;;;;;;;;;;;;;;;;;;;;;;;;;;;;;;;;;;;;;;;;;E;;
25.01.2018;Donnerstag;;E;;E;;E;;E;;;;;;;;E;;E;;A;A;;;;;;;;;;;;;;;;;;;;;;;;;;;;;;;;;;;;;;;;;;;;;;;;;;;;;;;;;;;;;;;;;;;;E;;
26.01.2018;Freitag;;E;;E;;E;;E;;;;;;;;E;;E;;A;A;;;;;;;;;;;;;;;;;;;;;;;;;;;;;;;;;;;;;;;;;;;;;;;;;;;;;;;;;;;;;;;;;;;;E;;
27.01.2018;Samstag;;E;;E;;E;;E;;;;;;;;E;;E;;A;A;;;;;;;;;;;;;;;;;;;;;;;;;;;;;;;;;;;;;;;;;;;;;;;;;;;;;;;;;;;;;;;;;;;;E;;
28.01.2018;Sonntag;;E;;E;;E;;E;;;;;;;;E;;E;;A;A;;;;;;;;;;;;;;;;;;;;;;;;;;;;;;;;;;;;;;;;;;;;;;;;;;;;;;;;;;;;;;;;;;;;E;;
29.01.2018;Montag;;E;;E;;E;;E;;;;;;U;W;E;W;E;;A;A;W;;;;;;;;;;;;;;;;;;;;;;;;;;;;;;;;;;;;;;;;;;;;;;;;;;;;;;;;;;;;;;;;;;;E;;
30.01.2018;Dienstag;W;E;W;E;W;E;W;E;;;;;;;;E;;E;;A;A;;W;W;W;;;;;;;;;;;;;;;;;;;;;;;;;;;;;;;;;;;;;;;;;;;;;;;;;;;;;;;;;;;;;;;;E;;
31.01.2018;Mittwoch;;E;;E;;E;;E;;;;;;;;E;;E;;A;A;;;;;;;;;;;;;;;;;;;;;;;;;;;;;;;;;;;;;;;;;;;;;;;;;;;;;;;;;;;;;;;;;;;;E;;
01.02.2018;Donnerstag;;E;;E;;E;;E;;;;;;;;E;;E;;A;A;;;;;;;;;;;;;;;;;;;;;;;;;;;;;;;;;;;;;;;;;;;;;;;;;;;;;;;;;;;;;;;;;;;;E;;
02.02.2018;Freitag;;E;;E;;E;;E;;;;;;;;E;;E;;A;A;;;;;;;;;;;;;;;;;;;;;;;;;;;;;;;;;;;;;;;;;;;;;;;;;;;;;;;;;;;;;;;;;;;;E;;
03.02.2018;Samstag;;E;;E;;E;;E;;;;;;;;E;;E;;A;A;;;;;;;;;;;;;;;;;;;;;;;;;;;;;;;;;;;;;;;;;;;;;;;;;;;;;;;;;;;;;;;;;;;;E;;
04.02.2018;Sonntag;;E;;E;;E;;E;;;;;;;;E;;E;;A;A;;;;;;;;;;;;;;;;;;;;;;;;;;;;;;;;;;;;;;;;;;;;;;;;;;;;;;;;;;;;;;;;;;;;E;;
05.02.2018;Montag;;E;;E;;E;;E;;;;;;;W;E;W;E;;A;A;W;;;;;;;;;;;;;;;;;;;;;;;;;;;;;;;;;;;;;;;;;;;;;;;;;;;;;;;;;;;;;;;;;;;E;;
06.02.2018;Dienstag;W;E;W;E;W;E;W;E;;;;;;;;E;;E;;A;A;;W;W;W;;;;;;;;;;;;;;;;;;;;;;;;;;;;;;;;;;;;;;;;;;;;;;;;;;;;;;;;;;;;;;;;E;;
07.02.2018;Mittwoch;;E;;E;;E;;E;;;;;;;;;;;;A;A;;;;;;;;;;;;;;;;;;;;;;;;;;;;;;;;;;;;;;;;;;;;;;;;;;;;;;;;;;;;;;;;;;;;E;;
08.02.2018;Donnerstag;;E;;E;;E;;E;;;;;;;;;;;;A;A;;;;;;;;;;;;;;;;;;;;;;;;;;;;;;;;;;;;;;;;;;;;;;;;;;;;;;;;;;;;;;;;;;;;E;;
09.02.2018;Freitag;;E;;E;;E;;E;;;;;;;;;;;;A;A;;;;;U;U;;;;;U;U;;;;;;;;;;;;;;;;;;;;;;;;;;;;;;;;;;;;;;;;;;;;;;;;;;;;;;;;E;;
10.02.2018;Samstag;;E;;E;;E;;E;;;;;;;;;;;;A;A;;;;;;;;;;;;;;;;;;;;;;;;;;;;;;;;;;;;;;;;;;;;;;;;;;;;;;;;;;;;;;;;;;;;E;;
11.02.2018;Sonntag;;E;;E;;E;;E;;;;;;;;;;;;A;A;;;;;;;;;;;;;;;;;;;;;;;;;;;;;;;;;;;;;;;;;;;;;;;;;;;;;;;;;;;;;;;;;;;;E;;
12.02.2018;Montag;;E;;E;;E;;E;;;;;;;W;;W;;;A;A;W;;;;;;U;U;;U;;;;;;;;;;;;;;;;;;;;;;;;;;;;;;;;;;;;;;;;;;;;;;;;;;;;;;;;;;E;;
13.02.2018;Dienstag;W;E;W;E;W;E;W;E;;;;;;;;;;;;A;A;;W;W;W;;;;;;;;;;;;;;;;;;;;;;;;;;;;;;;;;;;;;;;;;;;;;;;;;;;;;;;;;;;;;;;;E;;
14.02.2018;Mittwoch;;E;;E;;E;;E;;;;;;;;;;;;A;A;;;;;;;;;;;;;;;;;;;;;;;;;;;;;;;;;;;;;;;;;;;;;;;;;;;;;;;;;;;;;;;;;;;;E;;
15.02.2018;Donnerstag;;E;;E;;E;;E;;;;;;;;;;;;A;A;;;;;;;;;;;;;;;;;;;;;;;;;;;;;;;;;;;;;;;;;;;;;;;;;;;;;;;;;;;;;;;;;;;;E;;
16.02.2018;Freitag;;E;;E;;E;;E;;;;;;;;;;;;A;A;;;;;;;;;;;;;;;;;;;;;;;;;;;;;;;;;;;;;;;;;;;;;;;;;;;;;;;;;;;;;;;;;;;;E;;
17.02.2018;Samstag;;E;;E;;E;;E;;;;;;;;;;;;A;A;;;;;;;;;;;;;;;;;;;;;;;;;;;;;;;;;;;;;;;;;;;;;;;;;;;;;;;;;;;;;;;;;;;;E;;
18.02.2018;Sonntag;;E;;E;;E;;E;;;;;;;;;;;;A;A;;;;;;;;;;;;;;;;;;;;;;;;;;;;;;;;;;;;;;;;;;;;;;;;;;;;;;;;;;;;;;;;;;;;E;;
19.02.2018;Montag;;E;;E;;E;;E;;;;;;;W;;W;;;A;A;W;;;;W;W;;W;W;;;;;;;;;;;;;;;;;;;;;;;;;;;;;;;;;;;;;;;;;;;;;;;;;;;;;;;;;;;E;;
20.02.2018;Dienstag;W;E;W;E;W;E;W;E;;;;;;;;;;;;A;A;;W;W;W;;;;;;;;;U;;;;;;;;;;;;;;;;;;;;;;;;;;;;;;;;;;;;;;;;;;;;;;;;;;;;;;;E;U;
21.02.2018;Mittwoch;;E;;E;;E;;E;;;;;;;;;;;;A;A;;;;;;;;;;;;;;;;;;;;;;;;;;;;;;;;;;;;;;;;;;;;;;;;;;;;;;;;;;;;;;;;;;;;E;;
22.02.2018;Donnerstag;;E;;E;;E;;E;;;;;;;;;;;;A;A;;;;;;;;;;;;;;;;;;;;;;;;;;;;;;;;;;;;;;;;;;;;;;;;;;;;;;;;;;;;;;;;;;;;E;;
23.02.2018;Freitag;;E;;E;;E;;E;;;;;;;;;;;;A;A;;;;;;;;;;;;;;;A;A;A;A;;;;;;;;;;;;;;;;;;;;;;;;;;;;;;;;;;;;;;;;;;;;;;;;;;E;;
24.02.2018;Samstag;;E;;E;;E;;E;;;;;;;;;;;;A;A;;;;;;;;;;;;;;;A;A;A;A;;;;;;;;;;;;;;;;;;;;;;;;;;;;;;;;;;;;;;;;;;;;;;;;;;E;;
25.02.2018;Sonntag;;E;;E;;E;;E;;;;;;;;;;;;A;A;;;;;;;;;;;;;;;A;A;A;A;;;;;;;;;;;;;;;;;;;;;;;;;;;;;;;;;;;;;;;;;;;;;;;;;;E;;
26.02.2018;Montag;;E;;E;;E;;E;;;;;;;W;;W;;;A;A;W;;;;W;W;;W;W;;;;;;A;A;A;A;;;;;;;;;;;;;;;;;;;;;;;;;;;;;;;;;;;;;;;;;;;;;;;;;;E;;
27.02.2018;Dienstag;W;E;W;E;W;E;W;E;;;;;;;;;;;;A;A;;W;W;W;;;;;;;;;;U;A;A;A;A;;;;;;;;;;;;;;;;;;;;;;;;;;;;;;;;;;;;;;;;;;;;;;;;;;E;;
28.02.2018;Mittwoch;;E;;E;;E;;E;;;;;;;;;;;;A;A;;;;;;;;;;;;;;;A;A;A;A;;;;;;;;;;;;;;;;;;;;;;;;;;;;;;;;;;;;;;;;;;;;;;;;;;E;;
01.03.2018;Donnerstag;;E;;E;;E;;E;;;;;;;;;;;;A;A;;;;;;;;;;;;;;;A;A;A;A;;;;;;;;;;;;;;;;;;;;;;;;;;;;;;;;;;;;;;;;;;;;;;;;;;E;;
02.03.2018;Freitag;;E;;E;;E;;E;;;;;;;;;;;;A;A;;;;;;;;;;;;;;;A;A;A;A;;;;;;;;;;;;;;;;;;;;;;;;;;;;;;;;;;;;;;;;;;;;;;;;;;E;;
03.03.2018;Samstag;;E;;E;;E;;E;;;;;;;;;;;;A;A;;;;;;;;;;;;;;;A;A;A;A;;;;;;;;;;;;;;;;;;;;;;;;;;;;;;;;;;;;;;;;;;;;;;;;;;E;;
04.03.2018;Sonntag;;E;;E;;E;;E;;;;;;;;;;;;A;A;;;;;;;;;;;;;;;A;A;A;A;;;;;;;;;;;;;;;;;;;;;;;;;;;;;;;;;;;;;;;;;;;;;;;;;;E;;
05.03.2018;Montag;;E;;E;;E;;E;;;;;;;;;W;;;A;A;W;;;;;;;;W;;;;;;A;A;A;A;A;A;A;;;;;;;;;;;;;;;;;;;;;;;;;;;;;;;;;;;;;;;;;;;;;;;E;;
06.03.2018;Dienstag;W;E;W;E;W;E;W;E;;;;;;;;;;;;A;A;;W;W;W;;;;;;;;;;;A;A;A;A;A;A;A;;;;;;;;;;;;;;;;;;;;;;;;;;;;;;;;;;;;;;;;;;;;;;;E;;
07.03.2018;Mittwoch;;E;;E;;E;;E;;;;;;;;;;;;A;A;;;;;;;;;;;;;;;A;A;A;A;A;A;A;;;;;;;;;;;;;;;;;;;;;;;;;;;;;;;;;;;;;;;;;;;;;;;E;;
08.03.2018;Donnerstag;;E;;E;;E;;E;;;;;;;;;;;;A;A;;;;;;;;;;;;;;;A;A;A;A;A;A;A;;;;;;;;;;;;;;;;;;;;;;;;;;;;;;;;;;;;;;;;;;;;;;;E;;
09.03.2018;Freitag;;E;;E;;E;;E;;;;;;;;;;;;A;A;;;;;;;;;;;;;;;A;A;A;A;A;A;A;;;;;;;;;;;;;;;;;;;;;;;;;;;;;;;;;;;;;;;;;;;;;;;E;;
10.03.2018;Samstag;;E;;E;;E;;E;;;;;;;;;;;;A;A;;;;;;;;;;;;;;;A;A;A;A;A;A;A;;;;;;;;;;;;;;;;;;;;;;;;;;;;;;;;;;;;;;;;;;;;;;;E;;
11.03.2018;Sonntag;;E;;E;;E;;E;;;;;;;;;;;;A;A;;;;;;;;;;;;;;;A;A;A;A;A;A;A;;;;;;;;;;;;;;;;;;;;;;;;;;;;;;;;;;;;;;;;;;;;;;;E;;
12.03.2018;Montag;;E;;E;;E;;E;;;;;;;;;W;;;A;A;W;;;;;;;;W;;;;;;A;A;A;A;A;A;A;;;;;;;;;;;;;;;;;;;;;;;;;;;;;;;;;;;;;;;;;;;;;;;E;;
13.03.2018;Dienstag;W;E;W;E;W;E;W;E;;;;;;;;;;;;A;A;;W;W;W;;;;;;;;;;;A;A;A;A;A;A;A;;;;;;;;;;;;;;;;;;;;;;;;;;;;;;;;;;;;;;;;;;;;;;;E;;
14.03.2018;Mittwoch;;E;;E;;E;;E;;;;;;;;;;;;A;A;;;;;;;;;;;;;;;A;A;A;A;A;A;A;;;;;;;;;;;;;;;;;;;;;;;;;;;;;;;;;;;;;;;;;;;;;;;E;;
15.03.2018;Donnerstag;;E;;E;;E;;E;;;;;;;;;;;;A;A;;;;;;;;;;;;;;;A;A;A;A;A;A;A;;;;;;;;;;;;;;;;;;;;;;;;;;;;;;;;;;;;;;;;;;;;;;;E;;
16.03.2018;Freitag;;E;;E;;E;;E;;;;;;;;;;;;A;A;;;;;;;;;;;;;;;A;A;A;A;A;A;A;;;;;;;;;;;;;;;;;;;;;;;;;;;;;;;;;;;;;;;;;;;;;;;E;;
17.03.2018;Samstag;;E;;E;;E;;E;;;;;;;;;;;;A;A;;;;;;;;;;;;;;;A;A;A;A;A;A;A;;;;;;;;;;;;;;;;;;;;;;;;;;;;;;;;;;;;;;;;;;;;;;;E;;
18.03.2018;Sonntag;;E;;E;;E;;E;;;;;;;;;;;;A;A;;;;;;;;;;;;;;;A;A;A;A;A;A;A;;;;;;;;;;;;;;;;;;;;;;;;;;;;;;;;;;;;;;;;;;;;;;;E;;
19.03.2018;Montag;;E;;E;;E;;E;;;;;;;;;W;;;A;A;W;;;;;;;;W;;;;;;A;A;A;A;A;A;A;;;;;;;;;;;;;;;;;;;;;;;;;;;;;;;;;;;;;;;;;;;;;;;E;;
20.03.2018;Dienstag;W;E;W;E;W;E;W;E;;;;;;;;;;;;A;A;;W;W;W;;;;;;;;;;;A;A;A;A;A;A;A;;;;;;;;;;;;;;;;;;;;;;;;;;;;;;;;;;;;;;;;;;;;;;;E;;
21.03.2018;Mittwoch;;E;;E;;E;;E;;;;;;;;;;;;A;A;;;;;;;;;;;;;;;A;A;A;A;A;A;A;;;;;;;;;;;;;;;;;;;;;;;;;;;;;;;;;;;;;;;;;;;;;;;E;;
22.03.2018;Donnerstag;;E;;E;;E;;E;;;;;;;;;;;;A;A;;;;;;;;;;;;;;;A;A;A;A;A;A;A;;;;;;;;;;;;;;;;;;;;;;;;;;;;;;;;;;;;;;;;;;;;;;;E;;
23.03.2018;Freitag;;E;;E;;E;;E;;;;;;;;;;;;A;A;;;;;;;;;;;;;;;A;A;A;A;A;A;A;;;;;;;;;;;;;;;;;;;;;;;;;;;;;;;;;;;;;;;;;;;;;;;E;;
24.03.2018;Samstag;;E;;E;;E;;E;;;;;;;;;;;;A;A;;;;;;;;;;;;;;;A;A;A;A;A;A;A;;;;;;;;;;;;;;;;;;;;;;;;;;;;;;;;;;;;;;;;;;;;;;;E;;
25.03.2018;Sonntag;;E;;E;;E;;E;;;;;;;;;;;;A;A;;;;;;;;;;;;;;;A;A;A;A;A;A;A;;;;;;;;;;;;;;;;;;;;;;;;;;;;;;;;;;;;;;;;;;;;;;;E;;
26.03.2018;Montag;;E;;E;;E;;E;;;;;;;;;;;;A;A;W;;;;;;;;;;;;;;A;A;A;A;A;A;A;;;;;;;;;;;;;;;;;;;;;;;;;;;;;;;;;;;;;;;;;;;;;;;E;;
27.03.2018;Dienstag;W;E;W;E;W;E;W;E;;;;;;;;;;;;A;A;;W;W;W;;;;;;;;;;;A;A;A;A;A;A;A;;;;;;;;;;;;;;;;;;;;;;;;;;;;;;;;;;;;;;;;;;;;;;;E;;
28.03.2018;Mittwoch;;E;;E;;E;;E;;;;;;;;;;;;A;A;;;;;;;;;;;;;;;A;A;A;A;A;A;A;;;;;;;;;;;;;;;;;;;;;;;;;;;;;;;;;;;;;;;;;;;;;;;E;;
29.03.2018;Donnerstag;;E;;E;;E;;E;;;;;;;;;;;;;;;;;;;;;;;;;;;;A;A;A;A;A;A;A;;;;;;;;;;;;;;;;;;;;;;;;;;;;;;;;;;;;;;;;;;;;;;;E;;
30.03.2018;Freitag;;E;;E;;E;;E;;;;;;;;;;;;;;;;;;;;;;;;;;;;A;A;A;A;A;A;A;;;;;;;;;;;;;;;;;;;;;;;;;;;;;;;;;;;;;;;;;;;;;;;E;;
31.03.2018;Samstag;;E;;E;;E;;E;;;;;;;;;;;;;;;;;;;;;;;;;;;;A;A;A;A;A;A;A;;;;;;;;;;;;;;;;;;;;;;;;;;;;;;;;;;;;;;;;;;;;;;;E;;
01.04.2018;Sonntag;;E;;E;;E;;E;;;;;;;;;;;;;;;;;;;;;;;;;;;;A;A;A;A;A;A;A;;;;;;;;;;;;;;;;;;;;;;;;;;;;;;;;;;;;;;;;;;;;;;;E;;
02.04.2018;Montag;;E;;E;;E;;E;;;;;;;;;;;;;;W;;;;;;;;;;;;;;A;A;A;A;A;A;A;;;;;;;;;;;;;;;;;;;;;;;;;;;;;;;;;;;;;;;;;;;;;;;E;;
03.04.2018;Dienstag;W;E;W;E;W;E;W;E;;;;;;;;;;;;;;;W;W;W;;;;;;;;;;;A;A;A;A;A;A;A;;;;;;;;;;;;;;;;;;;;;;;;;;;;;;;;;;;;;;;;;;;;;;;E;;
04.04.2018;Mittwoch;;E;;E;;E;;E;;;;;;;;;;;;;;;;;;;;;;;;;;;;A;A;A;A;A;A;A;;;;;;;;;;;;;;;;;;;;;;;;;;;;;;;;;;;;;;;;;;;;;;;E;;
05.04.2018;Donnerstag;;E;;E;;E;;E;;;;;;;;;;;;;;;;;;;;;;;;;;;;A;A;A;A;A;A;A;;;;;;;;;;;;;;;;;;;;;;;;;;;;;;;;;;;;;;;;;;;;;;;E;;
06.04.2018;Freitag;;E;;E;;E;;E;;;;;;;;;;;;;;;;;;;;;;;;;;;;A;A;A;A;A;A;A;U;;;;;;;;;;;;;;;;;;;;;;;;;;;;;;;;;;;;;;;;;U;;;;;E;;
07.04.2018;Samstag;;E;;E;;E;;E;;;;;;;;;;;;;;;;;;;;;;;;;;;;A;A;A;A;A;A;A;;;;;;;;;;;;;;;;;;;;;;;;;;;;;;;;;;;;;;;;;;;;;;;E;;
08.04.2018;Sonntag;;E;;E;;E;;E;;;;;;;;;;;;;;;;;;;;;;;;;;;;A;A;A;A;A;A;A;;;;;;;;;;;;;;;;;;;;;;;;;;;;;;;;;;;;;;;;;;;;;;;E;;
09.04.2018;Montag;;E;;E;;E;;E;;;;;;;;;;;;;;W;;;;;;;;;;;;;;A;A;A;A;A;A;A;;U;;;;;;;;;;;;;;;;;;;;;;;;;;;;;;;;;;;;;;;;;;;;;E;;U
10.04.2018;Dienstag;W;E;W;E;W;E;W;E;;;;;;;;;;;;;;;;;;;;;;;;;;;;A;A;A;A;A;A;A;;;;;;;;;;;;;;;;;;;;;;;;;;;;;;;;;;;;;;;;;;;;;;;E;;
11.04.2018;Mittwoch;;E;;E;;E;;E;;;;;;;;;;;;;;;;;;;;;;;;;;;;A;A;A;A;A;A;A;;;;;;;;;;;;;;;;;;;;;;;;;;;;;;;;;;;;;;;;;;;;;;;E;;
12.04.2018;Donnerstag;;E;;E;;E;;E;;;;;;;;;;;;;;;;;;;;;;;;;;;;A;A;A;A;A;A;A;;;;;;;;;;;;;;;;;;;;;;;;;;;;;;;;;;;;;;;;;;;;;;;E;;
13.04.2018;Freitag;;E;;E;;E;;E;;;;;;;;;;;;;;;;;;;;;;;;;;;;A;A;A;A;A;A;A;;;;;;;;;;;;;;;;;;;;;;;;;;;;;;;;;;;;;;;;;;;;;;;E;;
14.04.2018;Samstag;;E;;E;;E;;E;;;;;;;;;;;;;;;;;;;;;;;;;;;;A;A;A;A;A;A;A;;;;;;;;;;;;;;;;;;;;;;;;;;;;;;;;;;;;;;;;;;;;;;;E;;
15.04.2018;Sonntag;;E;;E;;E;;E;;;;;;;;;;;;;;;;;;;;;;;;;;;;A;A;A;A;A;A;A;;;;;;;;;;;;;;;;;;;;;;;;;;;;;;;;;;;;;;;;;;;;;;;E;;
16.04.2018;Montag;;E;;E;;E;;E;;;;;;;;;;;;;;;;;;;;;;;;;;;;A;A;A;A;A;A;A;;;;;;;;;;;;;;;;;;;;;;;;;;;;;;;;;;;;;;;;;;;;;;;E;;
17.04.2018;Dienstag;W;E;W;E;W;E;W;E;;;;;;;;;;;;;;;;;;;;;;;;;;;;A;A;A;A;A;A;A;;;;;;;;;;;;;;;;;;;;;;;;;;;;;;;;;;;;;;;;;;;;;;;E;;
18.04.2018;Mittwoch;;E;;E;;E;;E;;;;;;;;;;;;;;;;;;;;;;;;;;;;A;A;A;A;A;A;A;;;;;;;;;;;;;;;;;;;;;;;;;;;;;;;;;;;;;;;;;;;;;;;E;;
19.04.2018;Donnerstag;;E;;E;;E;;E;;;;;;;;;;;;;;;;;;;;;;;;;;;;A;A;A;A;A;A;A;;;;;;;;;;;;;;;;;;;;;;;;;;;;;;;;;;;;;;;;;;;;;;;E;;
20.04.2018;Freitag;;E;;E;;E;;E;;;;;;;;;;;;;;;;;;;;;;;;;;;;A;A;A;A;A;A;A;;;;;;;;;;;;;;;;;;;;;;;;;;;;;;;;;;;;;;;;;;;;;;;E;;
21.04.2018;Samstag;;E;;E;;E;;E;;;;;;;;;;;;;;;;;;;;;;;;;;;;A;A;A;A;A;A;A;;;;;;;;;;;;;;;;;;;;;;;;;;;;;;;;;;;;;;;;;;;;;;;E;;
22.04.2018;Sonntag;;E;;E;;E;;E;;;;;;;;;;;;;;;;;;;;;;;;;;;;A;A;A;A;A;A;A;;;;;;;;U;;;;;;;;;;;;;;;;;;;;;;;;;;;;;;;;;;;;U;;;E;;
23.04.2018;Montag;;E;;E;;E;;E;;;;;;;;;;;;;;;;;;;;;;;;;;;;A;A;A;A;A;A;A;;;;;;;;;;;;;;;;;;;;;;;;;;;;;;;;;;;;;;;;;;;;;;;E;;
24.04.2018;Dienstag;W;E;W;E;W;E;W;E;;;;;;;;;;;;;;;;;;;;;;;;;;;;A;A;A;A;A;A;A;;;W;;;;;;;;;;;;;;;;;;;;;;;;;;;;;;;;;;;;;;;;;;;;E;;
25.04.2018;Mittwoch;;E;;E;;E;;E;;;;;;;;;;;;;;;;;;;;;;;;;;;;A;A;A;A;A;A;A;;;;;;;;;;;;;;;;;;;;;;;;;;;;;;;;;;;;;;;;;;;;;;;E;;
26.04.2018;Donnerstag;;E;;E;;E;;E;;;;;;;;;;;;;;;;;;;;;;;;;;;;A;A;A;A;A;A;A;;;;;;;;;;;;;;;;;;;;;;;;;;;;;;;;;;;;;;;;;;;;;;;E;;
27.04.2018;Freitag;;E;;E;;E;;E;;;;;;;;;;;;;;;;;;;;;;;;;;;;A;A;A;A;A;A;A;;;;;;;;;;;;;;;;;;;;;;;;;;;;;;;;;;;;;;;;;;;;;;;E;;
28.04.2018;Samstag;;E;;E;;E;;E;;;;;;;;;;;;;;;;;;;;;;;;;;;;A;A;A;A;A;A;A;;;;;;;;;;;;;;;;;;;;;;;;;;;;;;;;;;;;;;;;;;;;;;;E;;
29.04.2018;Sonntag;;E;;E;;E;;E;;;;;;;;;;;;;;;;;;;;;;;;;;;;A;A;A;A;A;A;A;;;;;;;;;;;;;;;;;;;;;;;;;;;;;;;;;;;;;;;;;;;;;;;E;;
30.04.2018;Montag;;E;;E;;E;;E;;;;;;;;;;;;;;W;;;;;;;;;;;;;;A;A;A;A;A;A;A;;;;;;;;;;;;;;;;;;;;;;;;;;;;;;;;;;;;;;;;;;;;;;;E;;
01.05.2018;Dienstag;W;E;W;E;W;E;W;E;;;;;;;;;;;;;;;W;W;W;;;;;;;;;;;A;A;A;A;A;A;A;;;W;;;;;;;;;;;;;;;;;;;;;;;;;;;;;;;;;;;;;;;;;;;;E;;
02.05.2018;Mittwoch;;E;;E;;E;;E;;;;;;;;;;;;;;;;;;;;;;;;;;;;A;A;A;A;A;A;A;;;;;;;;;;;;;;;;;;;;;;;;;;;;;;;;;;;;;;;;;;;;;;;E;;
03.05.2018;Donnerstag;;E;;E;;E;;E;;;;;;;;;;;;;;;;;;;;;;;;;;;;A;A;A;A;A;A;A;;;;;;;;;;;;;;;;;;;;;;;;;;;;;;;;;;;;;;;;;;;;;;;E;;
04.05.2018;Freitag;;E;;E;;E;;E;;;;;;;;;;;;;;;;;;;;;;;;;;;;A;A;A;A;A;A;A;;;;;;;;;;;;;;;;;;;;;;;;;;;;;;;;;;;;;;;;;;;;;;;E;;
05.05.2018;Samstag;;E;;E;;E;;E;;;;;;;;;;;;;;;;;;;;;;;;;;;;A;A;A;A;A;A;A;;;;;;;;;;;;;;;;;;;;;;;;;;;;;;;;;;;;;;;;;;;;;;;E;;
06.05.2018;Sonntag;;E;;E;;E;;E;;;;;;;;;;;;;;;;;;;;;;;;;;;;A;A;A;A;A;A;A;;;;;;;;;;;;;;;;;;;;;;;;;;;;;;;;;;;;;;;;;;;;;;;E;;
07.05.2018;Montag;;E;;E;;E;;E;;;;;;;;;;;;;;;;;;;;;;;;;;;;A;A;A;A;A;A;A;;;U;U;W;W;;;;;;;;;;;;;;;;;;;;;;;;;;;;;;;;;;;;;;;W;W;E;;
08.05.2018;Dienstag;W;E;W;E;W;E;W;E;;;;;;;;;;;;;;;;;;;;;;;;;;;;A;A;A;A;A;A;A;;;;;;;;;;;;;;;;;;;;;;;;;;;;;;;;;;;;;;;;;;;;;;;E;;
09.05.2018;Mittwoch;;E;;E;;E;;E;;;;;;;;;;;;;;;;;;;;;;;;;;;;A;A;A;A;A;A;A;;;;;;;;;;;;;;;;;;;;;;;;;;;;;;;;;;;;;;;;;;;;;;;E;;
10.05.2018;Donnerstag;;E;;E;;E;;E;;;;;;;;;;;;;;;;;;;;;;;;;;;;A;A;A;A;A;A;A;;;;;;;;;;;;;;;;;;;;;;;;;;;;;;;;;;;;;;;;;;;;;;;E;;
11.05.2018;Freitag;;E;;E;;E;;E;;;;;;;;;;;;;;;;;;;;;;;;;;;;A;A;A;A;A;A;A;;;;;;;;;;;;;;;;;;;;;;;;;;;;;;;;;;;;;;;;;;;;;;;E;;
12.05.2018;Samstag;;E;;E;;E;;E;;;;;;;;;;;;;;;;;;;;;;;;;;;;A;A;A;A;A;A;A;;;;;;;;;;;;;;;;;;;;;;;;;;;;;;;;;;;;;;;;;;;;;;;E;;
13.05.2018;Sonntag;;E;;E;;E;;E;;;;;;;;;;;;;;;;;;;;;;;;;;;;A;A;A;A;A;A;A;;;;;;;;;;;;;;;;;;;;;;;;;;;;;;;;;;;;;;;;;;;;;;;E;;
14.05.2018;Montag;;E;;E;;E;;E;;;;;;;;;;;;;;;;;;;;;;;;;;;;A;A;A;A;A;A;A;W;;;;W;W;;;;;;;;;;;;;;;;;;;;;;;;;;;;;;;;;;;;W;;;W;W;E;;
15.05.2018;Dienstag;W;E;W;E;W;E;W;E;;;;;;;;;;;;;;;;;;;;;;;;;;;;A;A;A;A;A;A;A;;;;;;;W;;;;;;;;;;;;;;;;;;;;;;;;;;;;;;;;;;;W;;;;;E;;
16.05.2018;Mittwoch;;E;;E;;E;;E;;;;;;;;;;;;;;;;;;;;;;;;;;;;A;A;A;A;A;A;A;;;;;;;;;;;;;;;;;;;;;;;;;;;;;;;;;;;;;;;;;;;;;;;E;;
17.05.2018;Donnerstag;;E;;E;;E;;E;;;;;;;;;;;;;;;;;;;;;;;;;;;;A;A;A;A;A;A;A;;;;;;;;;;;;;;;;;;;;;;;;;;;;;;;;;;;;;;;;;;;;;;;E;;
18.05.2018;Freitag;;E;;E;;E;;E;;;;;;;;;;;;;;;;;;;;;;;;;;;;A;A;A;A;A;A;A;;;;;;;;;;;;;;;;;;;;;;;;;;;;;;;;;;;;;;;;;;;;;;;E;;
19.05.2018;Samstag;;E;;E;;E;;E;;;;;;;;;;;;;;;;;;;;;;;;;;;;A;A;A;A;A;A;A;;;;;;;;;;;;;;;;;;;;;;;;;;;;;;;;;;;;;;;;;;;;;;;E;;
20.05.2018;Sonntag;;E;;E;;E;;E;;;;;;;;;;;;;;;;;;;;;;;;;;;;A;A;A;A;A;A;A;;;;;;;;;;;;;;;;;;;;;;;;;;;;;;;;;;;;;;;;;;;;;;;E;;
21.05.2018;Montag;;E;;E;;E;;E;;;;;;;;;;;;;;;;;;;;;;;;;;;;A;A;A;A;A;A;A;;;;;W;W;;;;;;;;;;;;;;;;;;;;;;;;;;;;;;;;;;;;W;;;W;W;E;;
22.05.2018;Dienstag;W;E;W;E;W;E;W;E;;;;;;;;;;;;;;;;;;;;;;;;;;;;A;A;A;A;A;A;A;W;;;;;;W;;;;;;;;;;;;;;;;;;;;;;;;;;;;;;;;;;;W;;;;;E;;
23.05.2018;Mittwoch;;;;;;;;;;;;;;;;;;;;;;;;;;;;;;;;;;;;A;A;A;A;A;A;A;;;;;;;;;;;;;;;;;;;;;;;;;;;;;;;;;;;;;;;;;;;;;;;;;
24.05.2018;Donnerstag;;;;;;;;;;;;;;;;;;;;;;;;;;;;;;;;;;;;A;A;A;A;A;A;A;;;;;;;;;;;;;;;;;;;;;;;;;;;;;;;;;;;;;;;;;;;;;;;;;
25.05.2018;Freitag;;;;;;;;;;;;;;;;;;;;;;;;;;;;;;;;;;;;A;A;A;A;A;A;A;;;;;;;;;;;;;;;;;;;;;;;;;;;;;;;;;;;;;;;;;;;;;;;;;
26.05.2018;Samstag;;;;;;;;;;;;;;;;;;;;;;;;;;;;;;;;;;;;A;A;A;A;A;A;A;;;;;;;;;;;;;;;;;;;;;;;;;;;;;;;;;;;;;;;;;;;;;;;;;
27.05.2018;Sonntag;;;;;;;;;;;;;;;;;;;;;;;;;;;;;;;;;;;;A;A;A;A;A;A;A;;;;;;;;;;;;;;;;;;;;;;;;;;;;;;;;;;;;;;;;;;;;;;;;;
28.05.2018;Montag;;;;;;;;;;;;;;;;;;;;;;W;;;;;;;;;;;;;;A;A;A;A;A;A;A;;;;;W;W;;;;;;;;;;;;;;;;;;;;;;;;;;;;;;;;;;;;W;;;W;W;;;
29.05.2018;Dienstag;W;;W;;W;;W;;;;;;;;;;;;;;;;W;W;W;;;;;;;;;;;A;A;A;A;A;A;A;W;;;;;;W;;;;;;;;;;;;;;;;;;;;;;;;;;;;;;;;;;;W;;;;;;;
30.05.2018;Mittwoch;;;;;;;;;;;;;;;;;;;;;;;;;;;;;;;;;;;;A;A;A;A;A;A;A;;;;;;;;;;;;;;;;;;;;;;;;;;;;;;;;;;;;;;;;;;;;;;;;;
31.05.2018;Donnerstag;;;;;;;;;;;;;;;;;;;;;;;;;;;;;;;;;;;;A;A;A;A;A;A;A;;;;;;;;;;;;;;;;;;;;;;;;;;;;;;;;;;;;;;;;;;;;;;;;;
01.06.2018;Freitag;;;;;;;;;;;;;;;;;;;;;;;;;;;;;;;;;;;;A;A;A;A;A;A;A;;;;;;;;;;;;;;;;;;;;;;;;;;;;;;;;;;;;;;;;;;;;;;;;;
02.06.2018;Samstag;;;;;;;;;;;;;;;;;;;;;;;;;;;;;;;;;;;;A;A;A;A;A;A;A;;;;;;;;;;;;;;;;;;;;;;;;;;;;;;;;;;;;;;;;;;;;;;;;;
03.06.2018;Sonntag;;;;;;;;;;;;;;;;;;;;;;;;;;;;;;;;;;;;A;A;A;A;A;A;A;;;;;;;;;;;;;;;;;;;;;;;;;;;;;;;;;;;;;;;;;;;;;;;;;
04.06.2018;Montag;;;;;;;;;;;;;;;;;;;;;;;;;;;;;;;;;;;;A;A;A;A;A;A;A;W;;;;W;W;;;;;;;;;;;;;;;;;;;;;;;;;;;;;;;;;;;;W;;;W;W;;;
05.06.2018;Dienstag;W;;W;;W;;W;;;;;;;;;;;;;;;;;;;;;;;;;;;;;A;A;A;A;A;A;A;;;;;;;;;;;;;;;;;;;;;;;;;;;;;;;;;;;;;;;;;;W;;;;;;;
06.06.2018;Mittwoch;;;;;;;;;;;;;;;;;;;;;;;W;W;W;;;;;;W;;;;;A;A;A;A;A;A;A;;;;;;;;;;;;;;;;;;;;;;;;;;;;;;;;;;;;;;;;;;;;;;;;;
07.06.2018;Donnerstag;;;;;;;;;;;;;;;;;;;;;;;;;;;;;;;;;;;;A;A;A;A;A;A;A;;;;;;;;;;;;;;;;;;;;;;;;;;;;;;;;;;;;;;;;;;;;;;;;;
08.06.2018;Freitag;;;;;;;;;;;;;;;;;;;;;;;;;;;;;;;;;;;;A;A;A;A;A;A;A;;;;;;;;;;;;;;;;;;;;;;;;;;;;;;;;;;;;;;;;;;;;;;;;;
09.06.2018;Samstag;;;;;;;;;;;;;;;;;;;;;;;;;;;;;;;;;;;;A;A;A;A;A;A;A;;;;;;;;;;;;;;;;;;;;;;;;;;;;;;;;;;;;;;;;;;;;;;;;;
10.06.2018;Sonntag;;;;;;;;;;;;;;;;;;;;;;;;;;;;;;;;;;;;A;A;A;A;A;A;A;;;;;;;;;;;;;;;;;;;;;;;;;;;;;;;;;;;;;;;;;;;;;;;;;
11.06.2018;Montag;;;;;;;;;;;;;;;;;;;;;;;;;;;;;;;;;;;;A;A;A;A;A;A;A;;;;;;;;;;;;;;;;;;;;;;;;;;;;;;;;;;;;;;;;;;W;;;;;;;
12.06.2018;Dienstag;W;;W;;W;;W;;;;;;;;;;;;;;;;;;;;;;;;W;;;;;A;A;A;A;A;A;A;;;;;;;;;;;;;;;;;;;;;;;;;;;;;;;;;;;;;;;;;;W;;;;;;;
13.06.2018;Mittwoch;;;;;;;;;;;;;;;;;;;;;;;W;W;W;;;;;;;;;;;A;A;A;A;A;A;A;W;;;;;;;;;;;;;;;;;;;;;;;;;;;;;;;;;;;;;;;;;;;;;;;;
14.06.2018;Donnerstag;;;;;;;;;;;;;;;;;;;;;;;;;;;;;;;;;;;;A;A;A;A;A;A;A;;;;;;;;;;;;;;;;;;;;;;;;;;;;;;;;;;;;;;;;;;;;;;;;;
15.06.2018;Freitag;;;;;;;;;;;;;;;;;;;;;;;;;;;;;;;;;;;;A;A;A;A;A;A;A;;;;;;;;;;;;;;;;;;;;;;;;;;;;;;;;;;;;;;;;;;;;;;;;;
16.06.2018;Samstag;;;;;;;;;;;;;;;;;;;;;;;;;;;;;;;;;;;;A;A;A;A;A;A;A;;;;;;;;;;;;;;;;;;;;;;;;;;;;;;;;;;;;;;;;;;;;;;;;;
17.06.2018;Sonntag;;;;;;;;;;;;;;;;;;;;;;;;;;;;;;;;;;;;A;A;A;A;A;A;A;;;;;;;;;;;;;;;;;;;;;;;;;;;;;;;;;;;;;;;;;;;;;;;;;
18.06.2018;Montag;;;;;;;;;;;;;;;;;;;;;;;;;;;;;;;;;;;;A;A;A;A;A;A;A;;;;;;;;;;;;;;;;;;;;;;;;;;;;;;;;;;;;;;;;;;W;;;;;;;
19.06.2018;Dienstag;W;;W;;W;;W;;;;;;;;;;;;;;;;;;;;;;;;W;;;;;A;A;A;A;A;A;A;W;;;;;;;;W;;;;;;;;;;;;;;;;;;;;;;;;;;;;;W;;;;W;;;;;;;
20.06.2018;Mittwoch;;;;;;;;;;;;;;;;;;;;;;;W;W;W;;;;;;;;;;;A;A;A;A;A;A;A;;;;;;;;W;;;;;;;;;;;;;;;;;;;;;;;;;;;;;;;;;;;;W;;;;;
21.06.2018;Donnerstag;;;;;;;;;;;;;;;;;;;;;;;;;;;;;;;;;;;;A;A;A;A;A;A;A;;;;;;;;;;;;;;;;;;;;;;;;;;;;;;;;;;;;;;;;;;;;;;;;;
22.06.2018;Freitag;;;;;;;;;;;;;;;;;;;;;;;;;;;;;;;;;;;;A;A;A;A;A;A;A;;;;;;;;;;;;;;;;;;;;;;;;;;;;;;;;;;;;;;;;;;;;;;;;;
23.06.2018;Samstag;;;;;;;;;;;;;;;;;;;;;;;;;;;;;;;;;;;;A;A;A;A;A;A;A;;;;;;;;;;;;;;;;;;;;;;;;;;;;;;;;;;;;;;;;;;;;;;;;;
24.06.2018;Sonntag;;;;;;;;;;;;;;;;;;;;;;;;;;;;;;;;;;;;A;A;A;A;A;A;A;;;;;;;;;;;;;;;;;;;;;;;;;;;;;;;;;;;;;;;;;;;;;;;;;
25.06.2018;Montag;;;;;;;;;;;;;;;;;;;;;;W;;;;;;;;;;;;;;A;A;A;A;A;A;A;;;;;;;;;;;;;;;;;;;;;;;;;;;;;;;;;;;;;;;;;;W;;;;;;;
26.06.2018;Dienstag;W;;W;;W;;W;;;;;;;;;;;;;;;;;;;;;;;;W;;;;;A;A;A;A;A;A;A;W;;;;;;;W;W;;;;;;;;;;;;;;;;;;;;;;;;;;;;;W;;;;W;;;;;;;
27.06.2018;Mittwoch;;;;;;;;;;;;;;;;;;;;;;;;;;;;;;;;;;;;A;A;A;A;A;A;A;;;;;;;;;;;;;;;;;;;;;;;;;;;;;;;;;;;;;;;;;;;;W;;;;;
28.06.2018;Donnerstag;;;;;;;;;;;;;;;;;;;;;;;W;W;W;;;;;;;;;;;A;A;A;A;A;A;A;;;;;;;;;;;;;;;;;;;;;;;;;;;;;;;;;;;;;;;;;;;;;;;;;
29.06.2018;Freitag;;;;;;;;;;;;;;;;;;;;;;;;;;;;;;;;;;;;A;A;A;A;A;A;A;;;;;;;;;;;;;;;;;;;;;;;;;;;;;;;;;;;;;;;;;;;;;;;;;
30.06.2018;Samstag;;;;;;;;;;;;;;;;;;;;;;;;;;;;;;;;;;;;A;A;A;A;A;A;A;;;;;;;;;;;;;;;;;;;;;;;;;;;;;;;;;;;;;;;;;;;;;;;;;
01.07.2018;Sonntag;;;;;;;;;;;;;;;;;;;;;;;;;;;;;;;;;;;;A;A;A;A;A;A;A;;;;;;;;;;;;;;;;;;;;;;;;;;;;;;;;;;;;;;;;;;;;;;;;;
02.07.2018;Montag;;;;;;;;;;;;;;;;;;;;;;;;;;;;;;;;;;;;A;A;A;A;A;A;A;;;;;;;;;;;;;;;;;;;;;;;;;;;;;;;;;;;;;;;;;;W;;;;;;;
03.07.2018;Dienstag;W;;W;;W;;W;;;;;;;;;;;;;;;;;;;;;;;;W;;;;;A;A;A;A;A;A;A;W;;;;;;;W;W;;;;;;;;;;;;;;;;;;;;;;;;;;;;;W;;;;W;;W;;;;;
04.07.2018;Mittwoch;;;;;;;;;;;;;;;;;;;;;;;W;W;W;;;;;;;;;;;A;A;A;A;A;A;A;;;;;;;;;;;;;;;;;;;;;;;;;;;;;;;;;;;;;;;;;;;;;;;;;
05.07.2018;Donnerstag;;;;;;;;;;;;;;;;;;;;;;;;;;;;;;;;;;;;A;A;A;A;A;A;A;;;;;;;;;;;;;;;;;;;;;;;;;;;;;;;;;;;;;;;;;;;;;;;;;
06.07.2018;Freitag;;;;;;;;;;;;;;;;;;;;;;;;;;;;;;;;;;;;A;A;A;A;A;A;A;;;;;;;;;;;;;;;;;;;;;;;;;;;;;;;;;;;;;;;;;;;;;;;;;
07.07.2018;Samstag;;;;;;;;;;;;;;;;;;;;;;;;;;;;;;;;;;;;A;A;A;A;A;A;A;;;;;;;;;;;;;;;;;;;;;;;;;;;;;;;;;;;;;;;;;;;;;;;;;
08.07.2018;Sonntag;;;;;;;;;;;;;;;;;;;;;;;;;;;;;;;;;;;;A;A;A;A;A;A;A;;;;;;;;;;;;;;;;;;;;;;;;;;;;;;;;;;;;;;;;;;;;;;;;;
09.07.2018;Montag;;;;;;;;;;;;;;;;;;;;;;;;;;;;;;;;;;;;A;A;A;A;A;A;A;W;;;;;;;W;W;W;W;W;W;W;W;;;;;;;;;;;;;;;;;;;;;;;;;;;W;;;;;;;
10.07.2018;Dienstag;;;;;;;;;;;;;;;;;;;;;;;;;;;;;;;W;;;;;A;A;A;A;A;A;A;;;;;;;;;;;;;;;;;;;;;;;;;;;;;;;;;;;;;;W;;;;W;;W;;;;;
11.07.2018;Mittwoch;;;;;;;;;;;;;;;;;;;;;;;W;W;W;;;;;;;;;;;A;A;A;A;A;A;A;;;;;;;;;;;;;;;;;;;;;;;;;;;;;;;;;;;;;;;;;;;;;;;;;
12.07.2018;Donnerstag;;;;;;;;;;;;;;;;;;;;;;;;;;;;;;;;;;;;A;A;A;A;A;A;A;;;;;;;;;;;;;;;;;;;;;;;;;;;;;;;;;;;;;;;;;;;;;;;;;
13.07.2018;Freitag;;;;;;;;;;;;;;;;;;;;;;;;;;;;;;;;;;;;A;A;A;A;A;A;A;;;;;;;;;;;;;;;;;;;;;;;;;;;;;;;;;;;;;;;;;;;;;;;;;
14.07.2018;Samstag;;;;;;;;;;;;;;;;;;;;;;;;;;;;;;;;;;;;A;A;A;A;A;A;A;;;;;;;;;;;;;;;;;;;;;;;;;;;;;;;;;;;;;;;;;;;;;;;;;
15.07.2018;Sonntag;;;;;;;;;;;;;;;;;;;;;;;;;;;;;;;;;;;;A;A;A;A;A;A;A;;;;;;;;;;;;;;;;;;;;;;;;;;;;;;;;;;;;;;;;;;;;;;;;;
16.07.2018;Montag;;;;;;;;;;;;;;;;;;;;;;;;;;;;;;;;;;W;;A;A;A;A;A;A;A;W;;;;;;;W;;W;W;W;W;W;W;;;;;;;;;;;;;;;;;;;;;;;;;;;W;;;;;;;
17.07.2018;Dienstag;W;;W;;W;;W;;;;;;;;;;;;;;;;;;;;;;;;W;;;;;A;A;A;A;A;A;A;;;;;;;;;W;;;;;;;;;;;;;;;;;;;;;;;;;;;;;W;;;;W;;W;;;;;
18.07.2018;Mittwoch;;;;;;;;;;;;;;;;;;;;;;;W;W;W;;;;;;;;;;;A;A;A;A;A;A;A;;;;;;;;;;;;;;;;;;;;;;;;;;;;;;;;;;;;;;;;;;;;;;;;;
19.07.2018;Donnerstag;;;;;;;;;;;;;;;;;;;;;;;;;;;;;;;;;;;;A;A;A;A;A;A;A;;;;;;;;;;;;;;;;;;;;;;;;;;;;;;;;;;;;;;;;;;;;;;;;;
20.07.2018;Freitag;;;;;;;;;;;;;;;;;;;;;;;;;;;;;;;;;;;;A;A;A;A;A;A;A;;;;;;;;;;;;;;;;;;;;;;;;;;;;;;;;;;;;;;;;;;;;;;;;;
21.07.2018;Samstag;;;;;;;;;;;;;;;;;;;;;;;;;;;;;;;;;;;;A;A;A;A;A;A;A;;;;;;;;;;;;;;;;;;;;;;;;;;;;;;;;;;;;;;;;;;;;;;;;;
22.07.2018;Sonntag;;;;;;;;;;;;;;;;;;;;;;;;;;;;;;;;;;;;A;A;A;A;A;A;A;;;;;;;;;;;;;;;;;;;;;;;;;;;;;;;;;;;;;;;;;;;;;;;;;
23.07.2018;Montag;;;;;;;;;;;;;;;;;;;;;;;;;;;;;;;;;;W;;A;A;A;A;A;A;A;W;;;;;;;W;;W;W;W;W;W;W;;;;;;;;;;;;;;;;;;;;;;;;;;;W;;;;;;;
24.07.2018;Dienstag;W;;W;;W;;W;;;;;;;;;;;;;;;;;;;;;;;;W;;;;;A;A;A;A;A;A;A;;;;;;;;;;;;;;;;;;;;;;;;;;;;;;;;;;;;;;;;;;;;W;;;;;
25.07.2018;Mittwoch;;;;;;;;;;;;;;;;;;;;;;W;W;W;W;;;;;;;;;;;A;A;A;A;A;A;A;;;;;;;;;;;;;;;;;;;;;;;;;;;;;;;;;;;;;;;;;;;;;;;;;
26.07.2018;Donnerstag;;;;;;;;;;;;;;;;;;;;;;;;;;;;;;;;;;;;A;A;A;A;A;A;A;;;;;;;;;;;;;;;;;;;;;;;;;;;;;;;;;;;;;;;;;;;;;;;;;
27.07.2018;Freitag;;;;;;;;;;;;;;;;;;;;;;;;;;;;;;;;;;;;A;A;A;A;A;A;A;;;;;;;;;;;;;;;;;;;;;;;;;;;;;;;;;;;;;;;;;;;;;;;;;
28.07.2018;Samstag;;;;;;;;;;;;;;;;;;;;;;;;;;;;;;;;;;;;A;A;A;A;A;A;A;;;;;;;;;;;;;;;;;;;;;;;;;;;;;;;;;;;;;;;;;;;;;;;;;
29.07.2018;Sonntag;;;;;;;;;;;;;;;;;;;;;;;;;;;;;;;;;;;;A;A;A;A;A;A;A;;;;;;;;;;;;;;;;;;;;;;;;;;;;;;;;;;;;;;;;;;;;;;;;;
30.07.2018;Montag;;;;;;;;;;;;;;;;;;;;;;;;;;;;;;;;;;W;;A;A;A;A;A;A;A;W;;;;;;;W;;W;W;W;W;W;W;;;;;;;;;;;;;;;;;;;;;;;;;;;;;;;;;;
31.07.2018;Dienstag;W;;W;;W;;W;;;;;;;;;;;;;;;;;;;;;;;;W;;;;;;;;;;;;;;;;;;;;;;;;;;;;;;;;;;;;;;;;;;;;;;;;;;;;;;;W;;;;;
01.08.2018;Mittwoch;;;;;;;;;;;;;;;;;;;;;;W;W;W;W;;;;;;;;;;;;;;;;;;;;;;;;;;;;;;;;;;;;;;;;;;;;;;;;;;;;;;;;;;;;;;;;;;
02.08.2018;Donnerstag;;;;;;;;;;;;;;;;;;;;;;;;;;;;;;;;;;;;;;;;;;;;;;;;;;;;;;;;;;;;;;;;;;;;;;;;;;;;;;;;;;;;;;;;;;;
03.08.2018;Freitag;;;;;;;;;;;;;;;;;;;;;;;;;;;;;;;;;;;;;;;;;;;;;;;;;;;;;;;;;;;;;;;;;;;;;;;;;;;;;;;;;;;;;;;;;;;
04.08.2018;Samstag;;;;;;;;;;;;;;;;;;;;;;;;;;;;;;;;;;;;;;;;;;;;;;;;;;;;;;;;;;;;;;;;;;;;;;;;;;;;;;;;;;;;;;;;;;;
05.08.2018;Sonntag;;;;;;;;;;;;;;;;;;;;;;;;;;;;;;;;;;;;;;;;;;;;;;;;;;;;;;;;;;;;;;;;;;;;;;;;;;;;;;;;;;;;;;;;;;;
06.08.2018;Montag;;;;;;;;;;;;;;;;;;;;;;;;;;;;;;;;;;W;;;;;;;;;;;;;;;;;;W;W;W;W;W;W;;;;;;;;;;;;;;;;;;;;;;;;;;;;;;;;;;
07.08.2018;Dienstag;W;;W;;W;;W;;;;;;;;;;;;;;;;;;;;;;;;W;;;;;;;;;;;;;;;;;;;;;;;;;;;;;;;;;;;;;;;;;;;;;;;;;;;;;;;W;;;;;
08.08.2018;Mittwoch;;;;;;;;;;;;;;;;;;;;;;W;W;W;W;;;;;;;;;;;;;;;;;;;;;;;;;;;;;;;;;;;;;;;;;;;;;;;;;;;;;;;;;;;;;;;;;;
09.08.2018;Donnerstag;;;;;;;;;;;;;;;;;;;;;;;;;;;;;;;;;;;;;;;;;;;;;;;;;;;;;;;;;;;;;;;;;;;;;;;;;;;;;;;;;;;;;;;;;;;
10.08.2018;Freitag;;;;;;;;;;;;;;;;;;;;;;;;;;;;;;;;;;;;;;;;;;;;;;;;;;;;;;;;;;;;;;;;;;;;;;;;;;;;;;;;;;;;;;;;;;;
11.08.2018;Samstag;;;;;;;;;;;;;;;;;;;;;;;;;;;;;;;;;;;;;;;;;;;;;;;;;;;;;;;;;;;;;;;;;;;;;;;;;;;;;;;;;;;;;;;;;;;
12.08.2018;Sonntag;;;;;;;;;;;;;;;;;;;;;;;;;;;;;;;;;;;;;;;;;;;;;;;;;;;;;;;;;;;;;;;;;;;;;;;;;;;;;;;;;;;;;;;;;;;
13.08.2018;Montag;;;;;;;;;;;;;;;;;;;;;;;;;;;;;;;;;;W;;;;;;;;;;;;;;;;;;W;W;W;W;W;W;;;;;;;;;;;;;;;;;;;;;;;;;;;;;;;;;;
14.08.2018;Dienstag;W;;W;;W;;W;;;;;;;;;;;;;;;;;;;;;;;;W;;;;;;;;;;;;;;;;;;;;;;;;;;;;;;;;;;;;;;;;;;;;;;;;;;;;;;;W;;;;;
15.08.2018;Mittwoch;;;;;;;;;;;;;;;;;;;;;;W;W;W;W;;;;;;;;;;;;;;;;;;;;;;;;;;;;;;;;;;;;;;;;;;;;;;;;;;;;;;;;;;;;;;;;;;
16.08.2018;Donnerstag;;;;;;;;;;;;;;;;;;;;;;;;;;;;;;;;;;;;;;;;;;;;;;;;;;;;;;;;;;;;;;;;;;;;;;;;;;;;;;;;;;;;;;;;;;;
17.08.2018;Freitag;;;;;;;;;;;;;;;;;;;;;;;;;;;;;;;;;;;;;;;;;;;;;;;;;;;;;;;;;;;;;;;;;;;;;;;;;;;;;;;;;;;;;;;;;;;
18.08.2018;Samstag;;;;;;;;;;;;;;;;;;;;;;;;;;;;;;;;;;;;;;;;;;;;;;;;;;;;;;;;;;;;;;;;;;;;;;;;;;;;;;;;;;;;;;;;;;;
19.08.2018;Sonntag;;;;;;;;;;;;;;;;;;;;;;;;;;;;;;;;;;;;;;;;;;;;;;;;;;;;;;;;;;;;;;;;;;;;;;;;;;;;;;;;;;;;;;;;;;;
20.08.2018;Montag;;;;;;;;;;;;;;;;;;;;;;;;;;;;;;;;;;W;;;;;;;;;;;;;;;;;;W;W;W;W;W;W;;;;;;;;;;;;;;;;;;;;;;;;;;;;;;;;;;
21.08.2018;Dienstag;W;;W;;W;;W;;;;;;;;;;;;;;;;;;;;;;;;W;;;;;;;;;;;;;;;;;;;;;;;;;;;;;;;;;;;;;;;;;;;;;;;;;;;;;;;W;;;;;
22.08.2018;Mittwoch;;;;;;;;;;;;;;;;;;;;;;W;W;W;W;;;;;;;;;;;;;;;;;;;;;;;;;;;;;;;;;;;;;;;;;;;;;;;;;;;;;;;;;;;;;;;;;;
23.08.2018;Donnerstag;;;;;;;;;;;;;;;;;;;;;;;;;;;;;;;;;;;;;;;;;;;;;;;;;;;;;;;;;;;;;;;;;;;;;;;;;;;;;;;;;;;;;;;;;;;
24.08.2018;Freitag;;;;;;;;;;;;;;;;;;;;;;;;;;;;;;;;;;;;;;;;;;;;;;;;;;;;;;;;;;;;;;;;;;;;;;;;;;;;;;;;;;;;;;;;;;;
25.08.2018;Samstag;;;;;;;;;;;;;;;;;;;;;;;;;;;;;;;;;;;;;;;;;;;;;;;;;;;;;;;;;;;;;;;;;;;;;;;;;;;;;;;;;;;;;;;;;;;
26.08.2018;Sonntag;;;;;;;;;;;;;;;;;;;;;;;;;;;;;;;;;;;;;;;;;;;;;;;;;;;;;;;;;;;;;;;;;;;;;;;;;;;;;;;;;;;;;;;;;;;
27.08.2018;Montag;;;;;;;;;;;;;;;;;W;;;;;;;;;;;;;;;;;W;;;;;;;;;;;;;;;;;;W;W;W;W;W;W;;;;;;;;;;;;;;;;;;;;;;;;;;;;;;;;;;
28.08.2018;Dienstag;W;;W;;W;;W;;;;;;;;;;;;;;;;;;;;;;;;W;;;;;;;;;;;;;;;;;;;;;;;;;;;;;;;;;;;;;;;;;;;;;;;;;;;;;;;W;;;;;
29.08.2018;Mittwoch;;;;;;;;;;;;;;;;;;;;;;W;W;W;W;;;;;;;;;;;;;;;;;;;;;;;;;;;;;;;;;;;;;;;;;;;;;;;;;;;;;;;;;;;;;;;;;;
30.08.2018;Donnerstag;;;;;;;;;;;;;;;;;;;;;;;;;;;;;;;;;;;;;;;;;;;;;;;;;;;;;;;;;;;;;;;;;;;;;;;;;;;;;;;;;;;;;;;;;;;
31.08.2018;Freitag;;;;;;;;;;;;;;;;;;;;;;;;;;;;;;;;;;;;;;;;;;;;;;;;;;;;;;;;;;;;;;;;;;;;;;;;;;;;;;;;;;;;;;;;;;;
01.09.2018;Samstag;;;;;;;;;;;;;;;;;;;;;;;;;;;;;;;;;;;;;;;;;;;;;;;;;;;;;;;;;;;;;;;;;;;;;;;;;;;;;;;;;;;;;;;;;;;
02.09.2018;Sonntag;;;;;;;;;;;;;;;;;;;;;;;;;;;;;;;;;;;;;;;;;;;;;;;;;;;;;;;;;;;;;;;;;;;;;;;;;;;;;;;;;;;;;;;;;;;
03.09.2018;Montag;;;;;;;;;;;;;;;;;W;;;;;;;;;;;;;;;;;;;;;;;;;;;;;;;;;;;W;W;W;W;W;W;;;;;;;;;;;;;;;;;;;;;;;;;;;;;;;;;;
04.09.2018;Dienstag;W;;W;;W;;W;;;;;;;;;;;;;;;;;;;;;;;;W;;;;;;;;;;;;;;;;;;;;;;;;;;;;;;;;;;;;;;;;;;;;;;;;;;;;;;;W;;;;;
05.09.2018;Mittwoch;;;;;;;;;;;;;;;;;;;;;;W;W;W;W;;;;;;;;;;;;;;;;;;;;;;;;;;;;;;;;;;;;;;;;;;;;;;;;;;;;;;;;;;;;;;;;;;
06.09.2018;Donnerstag;;;;;;;;;;;;;;;;;;;;;;;;;;;;;;;;;;;;;;;;;;;;;;;;;;;;;;;;;;;;;;;;;;;;;;;;;;;;;;;;;;;;;;;;;;;
07.09.2018;Freitag;;;;;;;;;;;;;;;;;;;;;;;;;;;;;;;;;;;;;;;;;;;;;;;;;;;;;;;;;;;;;;;;;;;;;;;;;;;;;;;;;;;;;;;;;;;
08.09.2018;Samstag;;;;;;;;;;;;;;;;;;;;;;;;;;;;;;;;;;;;;;;;;;;;;;;;;;;;;;;;;;;;;;;;;;;;;;;;;;;;;;;;;;;;;;;;;;;
09.09.2018;Sonntag;;;;;;;;;;;;;;;;;;;;;;;;;;;;;;;;;;;;;;;;;;;;;;;;;;;;;;;;;;;;;;;;;;;;;;;;;;;;;;;;;;;;;;;;;;;
10.09.2018;Montag;;;;;;;;;;;;;;;;;W;;;;;;;;;;;;;;;;;;;;;;;;;;;;;;;;;;;W;W;W;W;W;W;;;;;;;;;;;;;;;;;;;;;;;;;;;W;;W;;;;;
11.09.2018;Dienstag;W;;W;;W;;W;;;;;;;;;;;;;;;;;;;;;;;;W;;;;;;;;;;;;;;;;;;;;;;;;;;;;;;;;;;;;;;;;;;;;;;;;;;;;;;W;W;;;;;
12.09.2018;Mittwoch;;;;;;;;;;;;;;;;;;;;;;W;W;W;W;;;;;;;;;;;;;;;;;;;;;;;;;;;;;;;;;;;;;;;;;;;;;;;;;;;;;;;;;;;;;;;;;;
13.09.2018;Donnerstag;;;;;;;;;;;;;;;;;;;;;;;;;;;;;;;;;;;;;;;;;;;;;;;;;;;;;;;;;;;;;;;;;;;;;;;;;;;;;;;;;;;;;;;;;;;
14.09.2018;Freitag;;;;;;;;;;;;;;;;;;;;;;;;;;;;;;;;;;;;;;;;;;;;;;;;;;;;;;;;;;;;;;;;;;;;;;;;;;;;;;;;;;;;;;;;;;;
15.09.2018;Samstag;;;;;;;;;;;;;;;;;;;;;;;;;;;;;;;;;;;;;;;;;;;;;;;;;;;;;;;;;;;;;;;;;;;;;;;;;;;;;;;;;;;;;;;;;;;
16.09.2018;Sonntag;;;;;;;;;;;;;;;;;;;;;;;;;;;;;;;;;;;;;;;;;;;;;;;;;;;;;;;;;;;;;;;;;;;;;;;;;;;;;;;;;;;;;;;;;;;
17.09.2018;Montag;;;;;;;;;;;;;;;;;W;;;;;;;;;;;;;;;;;W;;;;;;;;;;;;;;;;;;W;W;W;W;W;W;;;;;;;;;;;;;;;;;;;;;;;;;;;W;;W;;;;;
18.09.2018;Dienstag;W;;W;;W;;W;;;;;;;;;;;;;;;;;;;W;W;;;;W;;;;;;;;;;;;;;;;;;;;;;;;;;;;;;;;;;;;;;;;;;;;;;;;;;;;;;W;W;;;;;
19.09.2018;Mittwoch;;;;;;;;;;;;;;;;;;;;;;W;W;W;W;;;;;;;;;;;;;;;;;;;;;;;;;;;;;;;;;;;;;;;;;;;;;;;;;;;;;;;;;;;;;;;;;;
20.09.2018;Donnerstag;;;;;;;;;;;;;;;;;;;;;;;;;;;;;;;;;;;;;;;;;;;;;;;;;;;;;;;;;;;;;;;;;;;;;;;;;;;;;;;;;;;;;;;;;;;
21.09.2018;Freitag;;;;;;;;;;;;;;;;;;;;;;;;;;;;;;;;;;;;;;;;;;;;;;;;;;;;;;;;;;;;;;;;;;;;;;;;;;;;;;;;;;;;;;;;;;;
22.09.2018;Samstag;;;;;;;;;;;;;;;;;;;;;;;;;;;;;;;;;;;;;;;;;;;;;;;;;;;;;;;;;;;;;;;;;;;;;;;;;;;;;;;;;;;;;;;;;;;
23.09.2018;Sonntag;;;;;;;;;;;;;;;;;;;;;;;;;;;;;;;;;;;;;;;;;;;;;;;;;;;;;;;;;;;;;;;;;;;;;;;;;;;;;;;;;;;;;;;;;;;
24.09.2018;Montag;;;;;;;;;;;;;;;;;W;;;;;;;;;;;;;;;;;W;;;;;;;;;;;;;;;;;;W;W;W;W;W;W;;;;;;;;;;;;;;;;;;;;;;;;;;;W;;W;;;;;
25.09.2018;Dienstag;W;;W;;W;;W;;;;;;;;;;;;;;;;;;;W;W;;;;W;;;;;;;;;;;;;;;;;;;;;;;;;;;;;;;;;;;;;;;;;;;;;;;;;;;;;W;W;W;;;;;
26.09.2018;Mittwoch;;;;;;;;;;;;;;;;;;;;;;W;W;W;W;;;;;;;;;;;;;;;;;;;;;;;;;;;;;;;;;;;;;;;;;;;;;;;;;;;;;;;;;;;;;;;;;;
27.09.2018;Donnerstag;;;;;;;;;;;;;;;;;;;;;;;;;;;;;;;;;;;;;;;;;;;;;;;;;;;;;;;;;;;;;;;;;;;;;;;;;;;;;;;;;;;;;;;;;;;
28.09.2018;Freitag;;;;;;;;;;;;;;;;;;;;;;;;;;;;;;;;;;;;;;;;;;;;;;;;;;;;;;;;;;;;;;;;;;;;;;;;;;;;;;;;;;;;;;;;;;;
29.09.2018;Samstag;;;;;;;;;;;;;;;;;;;;;;;;;;;;;;;;;;;;;;;;;;;;;;;;;;;;;;;;;;;;;;;;;;;;;;;;;;;;;;;;;;;;;;;;;;;
30.09.2018;Sonntag;;;;;;;;;;;;;;;;;;;;;;;;;;;;;;;;;;;;;;;;;;;;;;;;;;;;;;;;;;;;;;;;;;;;;;;;;;;;;;;;;;;;;;;;;;;
01.10.2018;Montag;;;;;;;;;;;;;;;;;W;;;;;;;;;;;;;;;;;W;;;;;;;;;;;;;;;;;;W;W;W;W;W;W;;;;;;;;;;;;;;;;;;;;;;;;;;;;;W;;;;;
02.10.2018;Dienstag;W;;W;;W;;W;;;;;;;;;;;;;;;;;;;W;W;;;;W;;;;;;;;;;;;;;;;;;;;;;;;;;;;;;;;;;;;;;;;;;;;;;;;;;;;;W;W;W;;;;;
03.10.2018;Mittwoch;;;;;;;;;;;;;;;;;;;;;;W;W;W;W;;;;;;;;;;;;;;;;;;;;;;;;;;;;;;;;;;;;;;;;;;;;;;;;;;;;;;;;;;;;;;;;;;
04.10.2018;Donnerstag;;;;;;;;;;;;;;;;;;;;;;;;;;;;;;;;;;;;;;;;;;;;;;;;;;;;;;;;;;;;;;;;;;;;;;;;;;;;;;;;;;;;;;;;;;;
05.10.2018;Freitag;;;;;;;;;;;;;;;;;;;;;;;;;;;;;;;;;;;;;;;;;;;;;;;;;;;;;;;;;;;;;;;;;;;;;;;;;;;;;;;;;;;;;;;;;;;
06.10.2018;Samstag;;;;;;;;;;;;;;;;;;;;;;;;;;;;;;;;;;;;;;;;;;;;;;;;;;;;;;;;;;;;;;;;;;;;;;;;;;;;;;;;;;;;;;;;;;;
07.10.2018;Sonntag;;;;;;;;;;;;;;;;;;;;;;;;;;;;;;;;;;;;;;;;;;;;;;;;;;;;;;;;;;;;;;;;;;;;;;;;;;;;;;;;;;;;;;;;;;;
08.10.2018;Montag;;;;;;;;;;;;;;;;;W;;;;;;;;;;;;;;;;;;;;;;;;;;;;;;;;;;;W;W;W;W;W;W;;;;;;;;;;;;;;;;;;;;;;;;;;;;;W;;;;;
09.10.2018;Dienstag;W;;W;;W;;W;;;;;;;;;;;;;;;;;;;W;W;;;;W;;;;;;;;;;;;;;;;;;;;;;;;;;;;;;;;;;;;;;;;;;;;;;;;;;;;;W;W;W;;W;;;
10.10.2018;Mittwoch;;;;;;;;;;;;;;;;;;;;;;W;W;W;W;;;;;;;;;;;;;;;;;;;;;;;;;;;;;;;;;;;;;;;;;;;;;;;;;;;;;;;;;;;;;;;;;;
11.10.2018;Donnerstag;;;;;;;;;;;;;;;;;;;;;;;;;;;;;;;;;;;;;;;;;;;;;;;;;;;;;;;;;;;;;;;;;;;;;;;;;;;;;;;;;;;;;;;;;;;
12.10.2018;Freitag;;;;;;;;;;;;;;;;;;;;;;;;;;;;;;;;;;;;;;;;;;;;;;;;;;;;;;;;;;;;;;;;;;;;;;;;;;;;;;;;;;;;;;;;;;;
13.10.2018;Samstag;;;;;;;;;;;;;;;;;;;;;;;;;;;;;;;;;;;;;;;;;;;;;;;;;;;;;;;;;;;;;;;;;;;;;;;;;;;;;;;;;;;;;;;;;;;
14.10.2018;Sonntag;;;;;;;;;;;;;;;;;;;;;;;;;;;;;;;;;;;;;;;;;;;;;;;;;;;;;;;;;;;;;;;;;;;;;;;;;;;;;;;;;;;;;;;;;;;
15.10.2018;Montag;;;;;;;;;;;;;;;;;W;;;;;;;;;;;;;;;;;;;;;;;;;;;;;;;;;;;W;W;W;W;W;W;;;;;;;;;;;;;;;;;;;;;;;;;;;;;W;;;;;
16.10.2018;Dienstag;W;;W;;W;;W;;;;W;W;;;;;;;;;;;;;;;;;;;W;;;;;;;;;;;;;;;;;;;;;;;;;;;;;;;;;;;;;;;;;;;;;;;;;;;;;W;;W;;W;;;
17.10.2018;Mittwoch;;;;;;;;;;;;;;;;;;;;;;W;W;W;W;;;;;;;;;;;;;;;;;;;;;;;;;;;;;;;;;;;;;;;;;;;;;;;;;;;;;;;W;;;;;;;;;;;
18.10.2018;Donnerstag;;;;;;;;;;;;;;;;;;;;;;;;;;;;;;;;;;;;;;;;;;;;;;;;;;;;;;;;;;;;;;;;;;;;;;;;;;;;;;;;;;;;;;;;;;;
19.10.2018;Freitag;;;;;;;;;;;;;;;;;;;;;;;;;;;;;;;;;;;;;;;;;;;;;;;;;;;;;;;;;;;;;;;;;;;;;;;;;;;;;;;;;;;;;;;;;;;
20.10.2018;Samstag;;;;;;;;;;;;;;;;;;;;;;;;;;;;;;;;;;;;;;;;;;;;;;;;;;;;;;;;;;;;;;;;;;;;;;;;;;;;;;;;;;;;;;;;;;;
21.10.2018;Sonntag;;;;;;;;;;;;;;;;;;;;;;;;;;;;;;;;;;;;;;;;;;;;;;;;;;;;;;;;;;;;;;;;;;;;;;;;;;;;;;;;;;;;;;;;;;;
22.10.2018;Montag;;;;;;;;;;;;;;;;;;;;;;;;;;;;;;;;;;;;;;;;;;;;;;;;;;;;W;W;W;W;W;W;;;;;;;;;;;;;;;;;;;;;;;;;;;;;W;;;;;
23.10.2018;Dienstag;W;;W;;W;;W;;;;W;W;;;;;;;;;;;;;;;;;;;;;;;;;;;;;;;;;;;;;;;;;;;;;;;;;;;;;;;;;;;;;;;;;;;;;;;;W;;W;;W;;;
24.10.2018;Mittwoch;;;;;;;;;;;;;;;;;;;;;;W;W;W;W;;;;;;;;;;;;;;;;;;;;;;;;;;;;;;;;;;;;;;;;;;;;;;;;;;;;;;;W;;;;;;;;;;;
25.10.2018;Donnerstag;;;;;;;;;;;;;;;;;;;;;;;;;;;;;;;;;;;;;;;;;;;;;;;;;;;;;;;;;;;;;;U;U;;;;;;;;;;;;;;;;;;;;;;;;;;;;
26.10.2018;Freitag;;;;;;;;;;;;;;;;;;;;;;;;;;;;;;;;;;;;;;;;;;;;;;;;;;;;;;;;;;;;;;;;;;;;;;;;;;;;;;;;;;;;;;;;;;;
27.10.2018;Samstag;;;;;;;;;;;;;;;;;;;;;;;;;;;;;;;;;;;;;;;;;;;;;;;;;;;;;;;;;;;;;;;;;;;;;;;;;;;;;;;;;;;;;;;;;;;
28.10.2018;Sonntag;;;;;;;;;;;;;;;;;;;;;;;;;;;;;;;;;;;;;;;;;;;;;;;;;;;;;;;;;;;;;;;;;;;;;;;;;;;;;;;;;;;;;;;;;;;
29.10.2018;Montag;;;;;;;;;;;;;;;;;;;;;;;;;;;;;;;;;;;;;;;;;;;;;;;;;;;;W;W;W;W;W;W;;;;;;;;;;;;;;;;;;;;;;;;;;;;;W;;;;;
30.10.2018;Dienstag;W;;W;;W;;W;;;;W;W;;;;;;;;;;;;;;;;;;;;;;;;;;;;;;;;;;;;;;;;;;;;;;;;;;;;;;;;;;;;;;;;;;;;;;;;W;;W;;W;;;
31.10.2018;Mittwoch;;;;;;;;;;;;;;;;;;;;;;W;W;W;W;;;;;;;;;;;;;;;;;;;;;;;;;;;;;;;;;;;;;;;;;;;;;;;;;;;;;;;W;;;;;;;;;;;
01.11.2018;Donnerstag;;;;;;;;;;;;;;;;;;;;;;;;;;;;;;;;;;;;;;;;;;;;;;;;;;;;;;;;;;;;;;;;;;;;;;;;;;;;;;;;;;;;;;;;;;;
02.11.2018;Freitag;;;;;;;;;;;;;;;;;;;;;;;;;;;;;;;;;;;;;;;;;;;;;;;;;;;;;;;;;;;;U;U;;;U;U;U;;;;;;;;;;;;;;;;;;;;;;;;;
03.11.2018;Samstag;;;;;;;;;;;;;;;;;;;;;;;;;;;;;;;;;;;;;;;;;;;;;;;;;;;;;;;;;;;;;;;;;;;;;;;;;;;;;;;;;;;;;;;;;;;
04.11.2018;Sonntag;;;;;;;;;;;;;;;;;;;;;;;;;;;;;;;;;;;;;;;;;;;;;;;;;;;;;;;;;;;;;;;;;;;;;;;;;;;;;;;;;;;;;;;;;;;
05.11.2018;Montag;;;;;;;;;;;;;;;;;W;;;;;;;;;;;;;;;;;;;;;;;;;;;;;;;;;;;W;W;W;W;W;W;;;;;;;;;;;;;;;;;;;;;;;;;;;;;W;;;;;
06.11.2018;Dienstag;W;;W;;W;;W;;;;W;W;;;;;;;;;;;;;;;;;;;;;;;;;;;;;;;;;;;;;;;;;;;;;;;;;;;;;;;;;;;;;;;;;;;;;;;;W;;W;;W;;;
07.11.2018;Mittwoch;;;;;;;;;;;;;;;;;;;;;;W;W;W;W;;;;;;;;;;;;;;;;;;;;;;;;;;;;;;;;;;;;;;;;;;;;;;;;;;;;;;;W;;;;;;;;;;;
08.11.2018;Donnerstag;;;;;;;;;;;;;;;;;;;;;;;;;;;;;;;;;;;;;;;;;;;;;;;;;;;;;;;;;;;;;;;;;;;;;;;;;;;;;;;;;;;;;;;;;;;
09.11.2018;Freitag;;;;;;;;;;U;;;;;;;;;;;;;;;;;;;;;;;;;;;;;;;;;;;;;;;;;;;;;;;;;U;;;;;;;;U;U;U;;;;;;;;;;;;;;;;;;;;;;
10.11.2018;Samstag;;;;;;;;;;;;;;;;;;;;;;;;;;;;;;;;;;;;;;;;;;;;;;;;;;;;;;;;;;;;;;;;;;;;;;;;;;;;;;;;;;;;;;;;;;;
11.11.2018;Sonntag;;;;;;;;;;;;;;;;;;;;;;;;;;;;;;;;;;;;;;;;;;;;;;;;;;;;;;;;;;;;;;;;;;;;;;;;;;;;;;;;;;;;;;;;;;;
12.11.2018;Montag;;;;;;;;;;;;;;;;;W;;;;;;;;;;;;;;;;;;;;;;;;;;;;;;;;;;;W;W;W;W;W;W;;;;;;;;;;;;;;;;;;;;;;;;;;;;;W;;;;;
13.11.2018;Dienstag;W;;W;;W;;W;;;;W;W;;;;;;;;;;;;;;;;;;;;;;;;;;;;;;;;;;;;;;;;;;;;;;;;;;;;;;;;;;;;;;;;;;;;;;;;W;;W;;W;;;
14.11.2018;Mittwoch;;;;;;;;;;;;;;;;;;;;;;W;W;W;W;;;;;;;;;;;;;;;;;;;;;;;;;;;;;;;;;;;;;;;;;;;;;;;;;;;;;;;W;;;;;;;;;;;
15.11.2018;Donnerstag;;;;;;;;;;;;;;;;;;;;;;;;;;;;;;;;;;;;;;;;;;;;;;;;;;;;;;;;;;;;;;;;;;;;;;;;;;;;;;;;;;;;;;;;;;;
16.11.2018;Freitag;;;;;;;;;;;;;;;;;;;;;;;;;;;;;;;;;;;;;;;;;;;;;;;;;;;;;;;;;;;;;;;;;;;;;;U;;;;;;;;;;;;;;;;;;;;;
17.11.2018;Samstag;;;;;;;;;;;;;;;;;;;;;;;;;;;;;;;;;;;;;;;;;;;;;;;;;;;;;;;;;;;;;;;;;;;;;;;;;;;;;;;;;;;;;;;;;;;
18.11.2018;Sonntag;;;;;;;;;;;;;;;;;;;;;;;;;;;;;;;;;;;;;;;;;;;;;;;;;;;;;;;;;;;;;;;;;;;;;;;;;;;;;;;;;;;;;;;;;;;
19.11.2018;Montag;;;;;;;;;;;;;;;;;W;;;;;;;;;;;;;;;;;;;;;;;;;;;;;;;;;;;W;W;W;W;W;W;;;;;;;;;;;;;;;;;;;;;;;;;;;;;;;;;;
20.11.2018;Dienstag;W;;W;;W;;W;;;;W;W;;;;;;;;;;;;;;;;;;;;;;;;;;;;;;;;;;;;;;;;;;;;;;;;;;;;;;;;;;;;;;;;;;;;;;;;W;;;;W;;;
21.11.2018;Mittwoch;;;;;;;;;;;;;;;;;;;;;;W;W;W;W;;;;;;;;;;;;;;;;;;;;;;;;;;;;;;;;;;;;;;;;;;;;;;;;;;;;;;;W;;;;;;;;;;;
22.11.2018;Donnerstag;;;;;;;;;;;;;;;;;;;;;;;;;;;;;;;;;;;;;;;;;;;;;;;;;;;;;;;;;;;;;;;;;;;;;;;U;;;;;;;;;;;;;;;;;;;;
23.11.2018;Freitag;;;;;;;;;U;;;;;;;;;;;;;;;;;;;;;;;;;;;;;;;;;;;;;;;;;;;;;;;;;;;;;;;;;;;;;;U;;;;;;;;;;;;;;;;;;;;
24.11.2018;Samstag;;;;;;;;;;;;;;;;;;;;;;;;;;;;;;;;;;;;;;;;;;;;;;;;;;;;;;;;;;;;;;;;;;;;;;;;;;;;;;;;;;;;;;;;;;;
25.11.2018;Sonntag;;;;;;;;;;;;;;;;;;;;;;;;;;;;;;;;;;;;;;;;;;;;;;;;;;;;;;;;;;;;;;;;;;;;;;;;;;;;;;;;;;;;;;;;;;;
26.11.2018;Montag;;;;;;;;;;;;;;;;;W;;;;;;;;;;;;;;;;;;;;;;;;;;;;;;;;;;;W;W;W;W;W;W;;;;;;;;;;;;;;;;;;;;;;;;;;;;;;;;;;
27.11.2018;Dienstag;W;;W;;W;;W;;;;W;W;;;;;;;;;;;;;;;;;;;;;;;;;;;;;;;;;;;;;;;;;;;;;;;;;;;;;;;;;;;;;;;;;;;;;;;;;;;;W;;;
28.11.2018;Mittwoch;;;;;;;;;;;;;;;;;;;;;;W;W;W;W;;;;;;;;;;;;;;;;;;;;;;;;;;;;;;;;;;;;;;;;;;;;;;;;;;;;;;;W;;;;;;;;;;;
29.11.2018;Donnerstag;;;;;;;;;;;;;;;;;;;;;;;;;;;;;;;;;;;;;;;;;;;;;;;;;;;;;;;;;;;;;;;;;;;;;;;;;;;;;;;;;;;;;;;;;;;
30.11.2018;Freitag;;;;;;;;;;U;;;;;;;;;;;;;;;;;;;;;;;;;;;;;;;;;;;;;;;;;;;;;;;;;;;;;;;;;;;;;;U;;;;;;;;;;;;;;;;;;;
01.12.2018;Samstag;;;;;;;;;;;;;;;;;;;;;;;;;;;;;;;;;;;;;;;;;;;;;;;;;;;;;;;;;;;;;;;;;;;;;;;;;;;;;;;;;;;;;;;;;;;
02.12.2018;Sonntag;;;;;;;;;;;;;;;;;;;;;;;;;;;;;;;;;;;;;;;;;;;;;;;;;;;;;;;;;;;;;;;;;;;;;;;;;;;;;;;;;;;;;;;;;;;
03.12.2018;Montag;;;;;;;;;;;;;;;;;W;;;;;;;;;;;;;;;;;;;;;;;;;;;;;;;;;;;W;W;W;W;W;W;;;;;;;;;;;;;;;;;;;;;;;;;;;;;;;;;;
04.12.2018;Dienstag;W;;W;;W;;W;;;;W;W;;;;;;;;;;;;;;;;;;;;;;;;;;;;;;;;;;;;;;;;;;;;;;;;;;;;;;;;;;;;;;;;;;;;;;;W;;;;;W;;;
05.12.2018;Mittwoch;;;;;;;;;;;;;;;;;;;;;;W;W;W;W;;;;;;;;;;;;;;;;;;;;;;;;;;;;;;;;;;;;;;;;;;;;;;;;;;;;;;;W;;;;;;;;;;;
06.12.2018;Donnerstag;;;;;;;;;;;;;;;;;;;;;;;;;;;;;;;;;;;;;;;;;;;;;;;;;;;;;;;;;;;;;;;;;;;;;;;;;;;;;;;;;;;;;;;;;;;
07.12.2018;Freitag;;;;;;;;;;;;;U;;;;;;;;;;;;;;;;;;;;U;;;;;;;;;;;;;;;;;;;;;;;;;;;;;;;;;;;;;;;;U;;;;;;;;;;;;;;;;;;
08.12.2018;Samstag;;;;;;;;;;;;;;;;;;;;;;;;;;;;;;;;;;;;;;;;;;;;;;;;;;;;;;;;;;;;;;;;;;;;;;;;;;;;;;;;;;;;;;;;;;;
09.12.2018;Sonntag;;;;;;;;;;;;;;;;;;;;;;;;;;;;;;;;;;;;;;;;;;;;;;;;;;;;;;;;;;;;;;;;;;;;;;;;;;;;;;;;;;;;;;;;;;;
10.12.2018;Montag;;;;;;;;;;;;;;;;;;;;;;;;;;;;;;;;;;;;;;;;;;;;;;;;;;;;W;W;W;W;W;W;;;;;;;;;;;;;;;;;;;;;;;;;;;;;;;;;;
11.12.2018;Dienstag;W;;W;;W;;W;;;;W;W;;;;;;;;;;;;;;;;;;;;;;;;;;;;;;;;;;;;;;;;;;;;;;;;;;;;;;;;;;;;;;;;;;;;;;;W;;;;;;;;
12.12.2018;Mittwoch;;;;;;;;;;;;;;;;;;;;;;W;W;W;W;;;;;;;;;;;;;;;;;;;;;;;;;;;;;;;;;;;;;;;;;;;;;;;;;;;;;;;W;;;;;;;;;;;
13.12.2018;Donnerstag;;;;;;;;;;;;;U;;;;;;;;;;;;;;;;;;;;U;;;;;;;;;;;;;;;;;;;;;;;;;;;;;;;;;;;;;;;;;U;U;;;;;;;;;;;;;;;;
14.12.2018;Freitag;;;;;;;;;;;;;;;;;;;;;;;;;;;;;;;;;;;;;;;;;;;;;;;;;;;;;;;;;;;;;;;;;;;;;;;;;;;;;;;;;;;;;;;;;;;
15.12.2018;Samstag;;;;;;;;;;;;;;;;;;;;;;;;;;;;;;;;;;;;;;;;;;;;;;;;;;;;;;;;;;;;;;;;;;;;;;;;;;;;;;;;;;;;;;;;;;;
16.12.2018;Sonntag;;;;;;;;;;;;;;;;;;;;;;;;;;;;;;;;;;;;;;;;;;;;;;;;;;;;;;;;;;;;;;;;;;;;;;;;;;;;;;;;;;;;;;;;;;;
17.12.2018;Montag;;;;;;;;;;;;;;;;;;;;;;;;;;;;;;;;;;;;;;;;;;;;;;;;;;;;W;W;W;W;W;W;;;;;;;;;;;;;;;;;;;;;;;;;;;;;;;;;;
18.12.2018;Dienstag;W;;W;;W;;W;;;;W;W;;;;;;;;;;;;;;;;;;;;;;;;;;;;;;;;;;;;;;;;;;;;;;;;;;;;;;;;;;;;;;;;;;;;;;;;;;;;;;;
19.12.2018;Mittwoch;;;;;;;;;;;;;;;;;;;;;;W;W;W;W;;;;;;;;;;;;;;;;;;;;;;;;;;;;;;;;;;;;;;;;;;;;;;;;;;;;;;;W;;;;;;;;;;;
20.12.2018;Donnerstag;;;;;;;;;;;;;;;;;;;;;;;;;;;;;;;;;;;;;;;;;;;;;;;;;;;;;;;;;;;;;;;;;;;;;;;;;;;;;;;;;;;;;;;;;;;
21.12.2018;Freitag;;;;;;;;;;;;;;;;;;;;;;;;;;;;;;;;;;;;;;;;;;;;;;;;;;;;;;;;;;;;;;;;;;;;;;;;;;;;;;;;;;;;;;;;;;;
22.12.2018;Samstag;;;;;;;;;;;;;;;;;;;;;;;;;;;;;;;;;;;;;;;;;;;;;;;;;;;;;;;;;;;;;;;;;;;;;;;;;;;;;;;;;;;;;;;;;;;
23.12.2018;Sonntag;;;;;;;;;;;;;;;;;;;;;;;;;;;;;;;;;;;;;;;;;;;;;;;;;;;;;;;;;;;;;;;;;;;;;;;;;;;;;;;;;;;;;;;;;;;
24.12.2018;Montag;;;;;;;;;;;;;;;;;;;;;;;;;;;;;;;;;;;;;;;;;;;;;;;;;;;;W;W;W;W;W;W;;;;;;;;;;;;;;;;;;;;;;;;;;;;;;;;;;
25.12.2018;Dienstag;W;;W;;W;;W;;;;W;W;;;;;;;;;;;;;;;;;;;;;;;;;;;;;;;;;;;;;;;;;;;;;;;;;;;;;;;;;;;;;;;;;;;;;;;;;;;;;;;
26.12.2018;Mittwoch;;;;;;;;;;;;;;;;;;;;;;W;W;W;W;;;;;;;;;;;;;;;;;;;;;;;;;;;;;;;;;;;;;;;;;;;;;;;;;;;;;;;W;;;;;;;;;;;
27.12.2018;Donnerstag;;;;;;;;;;;;;;;;;;;;;;;;;;;;;;;;;;;;;;;;;;;;;;;;;;;;;;;;;;;;;;;;;;;;;;;;;;;;;;;;;;;;;;;;;;;
28.12.2018;Freitag;;;;;;;;;;;;;;;;;;;;;;;;;;;;;;;;;;;;;;;;;;;;;;;;;;;;;;;;;;;;;;;;;;;;;;;;;;;;;;;;;;;;;;;;;;;
29.12.2018;Samstag;;;;;;;;;;;;;;;;;;;;;;;;;;;;;;;;;;;;;;;;;;;;;;;;;;;;;;;;;;;;;;;;;;;;;;;;;;;;;;;;;;;;;;;;;;;
30.12.2018;Sonntag;;;;;;;;;;;;;;;;;;;;;;;;;;;;;;;;;;;;;;;;;;;;;;;;;;;;;;;;;;;;;;;;;;;;;;;;;;;;;;;;;;;;;;;;;;;
31.12.2018;Montag;;;;;;;;;;;;;;;;;;;;;;;;;;;;;;;;;;;;;;;;;;;;;;;;;;;;W;W;W;W;W;W;;;;;;;;;;;;;;;;;;;;;;;;;;;;;;;;;;
01.01.2019;Dienstag;W;;W;;W;;W;;;;W;W;;;;;;;;;;;;;;;;;;;;;;;;;;;;;;;;;;;;;;;;;;;;;;;;;;;;;;;;;;;;;;;;;;;;;;;;;;;;;;;
02.01.2019;Mittwoch;;;;;;;;;;;;;;;W;;;;;;;W;W;W;W;;;;;;;;;;;;;;;;;;;;;;;;;;;;;;;;;;;;;;;;;;;;;;;;;;;;;;;W;;;;;;;;;;;
03.01.2019;Donnerstag;;;;;;;;;;;;;;;;;;;;;;;;;;;;;;;;;;;;;;;;;;;;;;;;;;;;;;;;;;;;;;;;;;;;;;;;;;;;;;;;;;;;;;;;;;;
04.01.2019;Freitag;;;;;;;;;;;;;;;;;;;;;;;;;;;;;;;;;;;;;;;;;;;;;;;;;;;;;;;;;;;;;;;;;;;;;;;;;;;;;;;;;;;;;;;;;;;
05.01.2019;Samstag;;;;;;;;;;;;;;;;;;;;;;;;;;;;;;;;;;;;;;;;;;;;;;;;;;;;;;;;;;;;;;;;;;;;;;;;;;;;;;;;;;;;;;;;;;;
06.01.2019;Sonntag;;;;;;;;;;;;;;;;;;;;;;;;;;;;;;;;;;;;;;;;;;;;;;;;;;;;;;;;;;;;;;;;;;;;;;;;;;;;;;;;;;;;;;;;;;;
07.01.2019;Montag;;;;;;;;;;;;;;;;;;;;;;;;;;;;;;;;;;;;;;;;;;;;;;;;;;;;;;;;;;;;;;;;;;;;;;;;;;;;;;;;;;;;;;;;;;;
08.01.2019;Dienstag;W;;W;;W;;W;;;;W;W;;;;;;;;;;;;;;;;;;;;;;;;;;;;;;;;;;;;;;;;;;;;;;;;;;;;;;;;;;;;;;;;;;;;;;;;;;;;;;;
09.01.2019;Mittwoch;;;;;;;;;;;;;;;W;;;;;;;W;W;W;W;;;;;;;;;;;;;;;;;;;;;;;;;;;;;;;;;;;;;;;;;;;;;;;;;;;;;;;W;;;;;;;;;;;
10.01.2019;Donnerstag;;;;;;;;;;;;;;;;;;;;;;;;;;;;;;;;;;;;;;;;;;;;;;;;;;;;;;;;;;;;;;;;;;;;;;;;;;;;;;;;;;;;;;;;;;;
11.01.2019;Freitag;;;;;;;;;;;;;;;;;;;;;;;;;;;;;;;;;;;;;;;;;;;;;;;;;;;;;;;;;;;;;;;;;;;;;;;;;;;;U;U;;;;;;;;;;;;;;
12.01.2019;Samstag;;;;;;;;;;;;;;;;;;;;;;;;;;;;;;;;;;;;;;;;;;;;;;;;;;;;;;;;;;;;;;;;;;;;;;;;;;;;;;;;;;;;;;;;;;;
13.01.2019;Sonntag;;;;;;;;;;;;;;;;;;;;;;;;;;;;;;;;;;;;;;;;;;;;;;;;;;;;;;;;;;;;;;;;;;;;;;;;;;;;;;;;;;;;;;;;;;;
14.01.2019;Montag;;;;;;;;;;;;;;;;;;;;;;;;;;;;;;;;;;;;;;;;;;;;;;;;;;;;;;;;;;;;;;;;;;;;;;;;;;;;;;;;;;;;;;;;;;;
15.01.2019;Dienstag;W;;W;;W;;W;;;;W;W;;;;;;;;;;;;;;;;;;;;;;;;;;;;;;;;;;;;;;;;;;;;;;;;;;;;;;;;;;;;;;;;;;;;;;;;;;;;;;;
16.01.2019;Mittwoch;;;;;;;;;;;;;;;W;;;;;;;W;W;W;W;;;;;;;;;;;;;;;;;;;;;;;;;;;;;;;;;;;;;;;;;;;;;;;;;;;;;;;W;;;;;;;;;;;
17.01.2019;Donnerstag;;;;;;;;;;;;;;;;;;;;;;;;;;;;;;;;;;;;;;;;;;;;;;;;;;;;;;;;;;;;;;;;;;;;;;;;;;;;;;;;;;;;;;;;;;;
18.01.2019;Freitag;;;;;;;;;;;;;;;;;;;;;;;;;;;;;;;;;;;;;;;;;;;;;;;;;;;;;;;;;;;;;;;;;;;;;;;;;;;;;;;;;W;;;;;;;;;;
19.01.2019;Samstag;;;;;;;;;;;;;;;;;;;;;;;;;;;;;;;;;;;;;;;;;;;;;;;;;;;;;;;;;;;;;;;;;;;;;;;;;;;;;;;;;;;;;;;;;;;
20.01.2019;Sonntag;;;;;;;;;;;;;;;;;;;;;;;;;;;;;;;;;;;;;;;;;;;;;;;;;;;;;;;;;;;;;;;;;;;;;;;;;;;;;;;;;;;;;;;;;;;
21.01.2019;Montag;;;;;;;;;;;;;;;;;;;;;;;;;;;;;;;;;;;;;;;;;;;;;;;;;;;;;;;;;;;;;;;;;;;;;;;;;;;;;;;;;;;;;;;;;;;
22.01.2019;Dienstag;W;;W;;W;;W;;;;W;W;;;;;;;;;;;;;;;;;;;;;;;;;;;;;;;;;;;;;;;;;;;;;;;;;;;;;;;;;;;;;;;;;;;;;;;;;;;;;;;
23.01.2019;Mittwoch;;;;;;;;;;;;;;;;;;;;;;W;W;W;W;;;;;;;;;;;;;;;;;;;;;;;;;;;;;;;;;;;;;;;;;;;;;;;;;;;;;;;W;;;;;;;;;;;
24.01.2019;Donnerstag;;;;;;;;;;;;;;;;;;;;;;;;;;;;;;;;;;;;;;;;;;;;;;;;;;;;;;;;;;;;;;;;;;;;;;;;;;;;;;;;;;;;;;;;;;;
25.01.2019;Freitag;;;;;;;;;;;;;;;;;;;;;;;;;;;;;;;;;;;;;;;;;;;;;;;;;;;;;;;;;;;;;;;;;;;;;;;;;;;;;;U;U;;W;;;;;;;;;;
26.01.2019;Samstag;;;;;;;;;;;;;;;;;;;;;;;;;;;;;;;;;;;;;;;;;;;;;;;;;;;;;;;;;;;;;;;;;;;;;;;;;;;;;;;;;;;;;;;;;;;
27.01.2019;Sonntag;;;;;;;;;;;;;;;;;;;;;;;;;;;;;;;;;;;;;;;;;;;;;;;;;;;;;;;;;;;;;;;;;;;;;;;;;;;;;;;;;;;;;;;;;;;
28.01.2019;Montag;;;;;;;;;;;;;;;;;;;;;;;;;;;;;;;;;;;;;;;;;;;;;;;;;;;;;;;;;;;;;;;;;;;;;;;;;;;;;;;;;;;;;;;;;;;
29.01.2019;Dienstag;W;;W;;W;;W;;;;W;W;;;;;;;;;;;;;;;;;;;;;;;;;;;;;;;;;;;;;;;;;;;;;;;;;;;;;;;;;;;;;;;;;;;;;;;;;;;;;;;
30.01.2019;Mittwoch;;;;;;;;;;;;;;;;;;;;;;W;W;W;W;;;;;;;;;;;;;;;;;;;;;;;;;;;;;;;;;;;;;;;;;;;;;;;;;;;;;;;W;;;;;;;;;;;
31.01.2019;Donnerstag;;;;;;;;;;;;;;;;;;;;;;;;;;;;;;;;;;;;;;;;;;;;;;;;;;;;;;;;;;;;;;;;;;;;;;;;;;;;;;;;;;;;;;;;;;;
01.02.2019;Freitag;;;;;;;;;;;;;;;;;;;;;;;;;;;;;;;;;;;;;;;;;;;;;;;;;;;;;;;;;;;;;;;;;;;;;;;;;;;;;;;;;W;;;;;;;;;;
02.02.2019;Samstag;;;;;;;;;;;;;;;;;;;;;;;;;;;;;;;;;;;;;;;;;;;;;;;;;;;;;;;;;;;;;;;;;;;;;;;;;;;;;;;;;;;;;;;;;;;
03.02.2019;Sonntag;;;;;;;;;;;;;;;;;;;;;;;;;;;;;;;;;;;;;;;;;;;;;;;;;;;;;;;;;;;;;;;;;;;;;;;;;;;;;;;;;;;;;;;;;;;
04.02.2019;Montag;;;;;;;;;;;;;;;;;;;;;;;;;;;;;;;;;;;;;;;;;;;;;;;;;;;;;;;;;;W;;;;;;;;;;;;;;;;;;;;;;;;;;;;;;;;;
05.02.2019;Dienstag;W;;W;;W;;W;;;;W;W;;;;;;;;;;;;;;;;;;;;;;;;;;;;;;;;;;;;;;;;;;;;;;;;;;;;;;;;;;;;;;;;;;;;;;;;;;;;;;;
06.02.2019;Mittwoch;;;;;;;;;;;;;;;;;;;;;;W;W;W;W;;;;;;;;;;;;;;;;;;;;;;;;;;;;;;;;;;;;;;;;;;;;;;;;;;;;;;;W;;;;;;;;;;;
07.02.2019;Donnerstag;;;;;;;;;;;;;;;;;;;;;;;;;;;;;;;;;;;;;;;;;;;;;;;;;;;;;;;;;;;;;;;;;;;;;;;;;;;;;;;;;;;;;;;;;;;
08.02.2019;Freitag;;;;;;;;;;;;;;;;;;;;;;;;;;;;;;;;;;;;;;;;;;;;;;;;;;;;;;;;;;;;;;;;;;;;;;;;;;;;;;;;;W;W;;;;;;;;;
09.02.2019;Samstag;;;;;;;;;;;;;;;;;;;;;;;;;;;;;;;;;;;;;;;;;;;;;;;;;;;;;;;;;;;;;;;;;;;;;;;;;;;;;;;;;;;;;;;;;;;
10.02.2019;Sonntag;;;;;;;;;;;;;;;;;;;;;;;;;;;;;;;;;;;;;;;;;;;;;;;;;;;;;;;;;;;;;;;;;;;;;;;;;;;;;;;;;;;;;;;;;;;
11.02.2019;Montag;;;;;;;;;;;;;;;;;;;;;;;;;;;;;;;;;;;;;;;;;;;;;;;;;;;;;;;;;;W;;;;;;;;;;;;;;;;;;;;;;;;;;;;;;;;;
12.02.2019;Dienstag;W;;W;;W;;W;;;;W;W;;;;;;;;;;;;;;;;;;;;;;;;;;;;;;;;;;;;;;;;;;;;;;;;;;;;;;;;;;;;;;;;;;;;;W;;;;;;;;;;
13.02.2019;Mittwoch;;;;;;;;;;;;;;;;;;;;;;W;W;W;W;;;;;;;;;;;;;;;;;;;;;;;;;;;;;;;;;;;;;;;;;;;;;;;;;;;;;;;W;;;;;;;;;;;
14.02.2019;Donnerstag;;;;;;;;;;;;;;;;;;;;;;;;;;;;;;;;;;;;;;;;;;;;;;;;;;;;;;;;;;;;;;;;;;;;;;;;;;;;;;;;;;;;;;;;;;;
15.02.2019;Freitag;;;;;;;;;;;;;;;;;;;;;;;;;;;;;;;;;;;;;;;;;;;;;;;;;;;;;;;;;;;;;;;;;;;;;;;;;;;;;;;;;;W;;;;;;;;;
16.02.2019;Samstag;;;;;;;;;;;;;;;;;;;;;;;;;;;;;;;;;;;;;;;;;;;;;;;;;;;;;;;;;;;;;;;;;;;;;;;;;;;;;;;;;;;;;;;;;;;
17.02.2019;Sonntag;;;;;;;;;;;;;;;;;;;;;;;;;;;;;;;;;;;;;;;;;;;;;;;;;;;;;;;;;;;;;;;;;;;;;;;;;;;;;;;;;;;;;;;;;;;
18.02.2019;Montag;;;;;;;;;;;;;;;;;;;;;;;;;;;;;;;;;;;;;;;;;;;;;;;;;;;;;;;;;;W;;;;;;;;;;;;;;;;;;;;;;;;;;;;;;;;;
19.02.2019;Dienstag;W;;W;;W;;W;;;;;;;;;;;;;;;;;;;;;;;;;;;;;;;;;;;;;;;;;;;;;;;;;;;;;;;;;;;;;;;;;;;;;;;;;;W;;;;;;;;;;
20.02.2019;Mittwoch;;;;;;;;;;;;;;;;;;;;;;W;W;W;W;;;;;;;;;;;;;;;;;;;;;;;;;;;;;;;;;;;;;;;;;;;;;;;;;;;;;;;W;;;;;;;;;;;
21.02.2019;Donnerstag;;;;;;;;;;;;;;;;;;;;;;;;;;;;;;;;;;;;;;;;;;;;;;;;;;;;;;;;;;;;;;;;;;;;;;;;;;;;;;;;;;;;;;;;;;;
22.02.2019;Freitag;;;;;;;;;;;;;;;;;;;;;;;;;;;;;;;;;;;;;;;;;;;;;;;;;;;;;;;;;;;;;;;;;;;;;;;;;;;;;;;;;;W;;;;;;;;;
23.02.2019;Samstag;;;;;;;;;;;;;;;;;;;;;;;;;;;;;;;;;;;;;;;;;;;;;;;;;;;;;;;;;;;;;;;;;;;;;;;;;;;;;;;;;;;;;;;;;;;
24.02.2019;Sonntag;;;;;;;;;;;;;;;;;;;;;;;;;;;;;;;;;;;;;;;;;;;;;;;;;;;;;;;;;;;;;;;;;;;;;;;;;;;;;;;;;;;;;;;;;;;
25.02.2019;Montag;;;;;;;;;;;W;;;;;;;;;;;;;;;;;;;;;;;;;;;;;;;;;;;;;;;;;;;;;;;;;;;;;;;;;;;;;;;;;;;;;;;;;;;;;;;;
26.02.2019;Dienstag;W;;W;;W;;W;;;;;;;;;;;;;;;;;;;;;;;;;;;;;;;;;;;;;;;;;;;;;;;;;;;;;;;;;;;;;;;;;;;;;;;;;;W;;;;;;;;;;
27.02.2019;Mittwoch;;;;;;;;;;;;;;;;;;;;;;W;W;W;W;;;;;;;;;;;;;;;;;;;;;;;;;;;;;;;;;;;;;;;;;;;;;;;;;;;;;;;W;;;;;;;;;;;
28.02.2019;Donnerstag;;;;;;;;;;;;;;;;;;;;;;;;;;;;;;;;;;;;;;;;;;;;;;;;;;;;;;;;;;;;;;;;;;;;;;;;;;;;;;;;;;;;;;;;;;;

